Workbook

Sheet 📊 Monthly Tracker
A1: AIR Music Distribution · SEA KPI Tracker 2026/2027 | C1: Ф1 Стабілізація · PH | L1: Ф2 Оптимізація · PH | U1: Ф3 Гео-розширення · MY | AD1: Ф4 Масштаб · ID
A2: Категорія | B2: KPI Метрика | C2: M1 · Кві 26 | F2: M2 · Тра 26 | I2: M3 · Черв 26 | L2: M4 · Лип 26 | O2: M5 · Серп 26 | R2: M6 · Вер 26 | U2: M7 · Жов 26 | X2: M8 · Лис 26 | AA2: M9 · Гру 26 | AD2: M10 · Січ 27 | AG2: M11 · Лют 27 | AJ2: M12 · Бер 27
A3: 📂 Категорія | B3: 📌 KPI Метрика | C3: 🎯 План | D3: 📈 Факт | E3: % вик. | F3: 🎯 План | G3: 📈 Факт | H3: % вик. | I3: 🎯 План | J3: 📈 Факт | K3: % вик. | L3: 🎯 План | M3: 📈 Факт | N3: % вик. | O3: 🎯 План | P3: 📈 Факт | Q3: % вик. | R3: 🎯 План | S3: 📈 Факт | T3: % вик. | U3: 🎯 План | V3: 📈 Факт | W3: % вик. | X3: 🎯 План | Y3: 📈 Факт | Z3: % вик. | AA3: 🎯 План | AB3: 📈 Факт | AC3: % вик. | AD3: 🎯 План | AE3: 📈 Факт | AF3: % вик. | AG3: 🎯 План | AH3: 📈 Факт | AI3: % вик. | AJ3: 🎯 План | AK3: 📈 Факт | AL3: % вик.
A4: 🔁 Воронка | B4: Заявки (Leads), шт. | C4: 160 | D4: 128 | E4: =IFERROR(IF(C4=0,"—",IF(D4="","",D4/C4)),"—") -> 0.8 | F4: 175 | H4: =IFERROR(IF(F4=0,"—",IF(G4="","",G4/F4)),"—") | I4: 185 | K4: =IFERROR(IF(I4=0,"—",IF(J4="","",J4/I4)),"—") | L4: 185 | N4: =IFERROR(IF(L4=0,"—",IF(M4="","",M4/L4)),"—") | O4: 195 | Q4: =IFERROR(IF(O4=0,"—",IF(P4="","",P4/O4)),"—") | R4: 210 | T4: =IFERROR(IF(R4=0,"—",IF(S4="","",S4/R4)),"—") | U4: 210 | W4: =IFERROR(IF(U4=0,"—",IF(V4="","",V4/U4)),"—") | X4: 220 | Z4: =IFERROR(IF(X4=0,"—",IF(Y4="","",Y4/X4)),"—") | AA4: 235 | AC4: =IFERROR(IF(AA4=0,"—",IF(AB4="","",AB4/AA4)),"—") | AD4: 230 | AF4: =IFERROR(IF(AD4=0,"—",IF(AE4="","",AE4/AD4)),"—") | AG4: 240 | AI4: =IFERROR(IF(AG4=0,"—",IF(AH4="","",AH4/AG4)),"—") | AJ4: 250 | AL4: =IFERROR(IF(AJ4=0,"—",IF(AK4="","",AK4/AJ4)),"—")
B5: MQL (кваліф. ліди), шт. | C5: 80 | D5: 99 | E5: =IFERROR(IF(C5=0,"—",IF(D5="","",D5/C5)),"—") -> 1.2375 | F5: 90 | H5: =IFERROR(IF(F5=0,"—",IF(G5="","",G5/F5)),"—") | I5: 100 | K5: =IFERROR(IF(I5=0,"—",IF(J5="","",J5/I5)),"—") | L5: 100 | N5: =IFERROR(IF(L5=0,"—",IF(M5="","",M5/L5)),"—") | O5: 110 | Q5: =IFERROR(IF(O5=0,"—",IF(P5="","",P5/O5)),"—") | R5: 120 | T5: =IFERROR(IF(R5=0,"—",IF(S5="","",S5/R5)),"—") | U5: 120 | W5: =IFERROR(IF(U5=0,"—",IF(V5="","",V5/U5)),"—") | X5: 130 | Z5: =IFERROR(IF(X5=0,"—",IF(Y5="","",Y5/X5)),"—") | AA5: 140 | AC5: =IFERROR(IF(AA5=0,"—",IF(AB5="","",AB5/AA5)),"—") | AD5: 140 | AF5: =IFERROR(IF(AD5=0,"—",IF(AE5="","",AE5/AD5)),"—") | AG5: 150 | AI5: =IFERROR(IF(AG5=0,"—",IF(AH5="","",AH5/AG5)),"—") | AJ5: 160 | AL5: =IFERROR(IF(AJ5=0,"—",IF(AK5="","",AK5/AJ5)),"—")
B6: SQL (дзвінки / Demo), шт. | C6: 16 | D6: 24 | E6: =IFERROR(IF(C6=0,"—",IF(D6="","",D6/C6)),"—") -> 1.5 | F6: 18 | H6: =IFERROR(IF(F6=0,"—",IF(G6="","",G6/F6)),"—") | I6: 20 | K6: =IFERROR(IF(I6=0,"—",IF(J6="","",J6/I6)),"—") | L6: 22 | N6: =IFERROR(IF(L6=0,"—",IF(M6="","",M6/L6)),"—") | O6: 24 | Q6: =IFERROR(IF(O6=0,"—",IF(P6="","",P6/O6)),"—") | R6: 26 | T6: =IFERROR(IF(R6=0,"—",IF(S6="","",S6/R6)),"—") | U6: 26 | W6: =IFERROR(IF(U6=0,"—",IF(V6="","",V6/U6)),"—") | X6: 28 | Z6: =IFERROR(IF(X6=0,"—",IF(Y6="","",Y6/X6)),"—") | AA6: 30 | AC6: =IFERROR(IF(AA6=0,"—",IF(AB6="","",AB6/AA6)),"—") | AD6: 32 | AF6: =IFERROR(IF(AD6=0,"—",IF(AE6="","",AE6/AD6)),"—") | AG6: 34 | AI6: =IFERROR(IF(AG6=0,"—",IF(AH6="","",AH6/AG6)),"—") | AJ6: 36 | AL6: =IFERROR(IF(AJ6=0,"—",IF(AK6="","",AK6/AJ6)),"—")
B7: Нових платних клієнтів, шт. | C7: 4 | D7: 5 | E7: =IFERROR(IF(C7=0,"—",IF(D7="","",D7/C7)),"—") -> 1.25 | F7: 6 | H7: =IFERROR(IF(F7=0,"—",IF(G7="","",G7/F7)),"—") | I7: 7 | K7: =IFERROR(IF(I7=0,"—",IF(J7="","",J7/I7)),"—") | L7: 8 | N7: =IFERROR(IF(L7=0,"—",IF(M7="","",M7/L7)),"—") | O7: 9 | Q7: =IFERROR(IF(O7=0,"—",IF(P7="","",P7/O7)),"—") | R7: 10 | T7: =IFERROR(IF(R7=0,"—",IF(S7="","",S7/R7)),"—") | U7: 10 | W7: =IFERROR(IF(U7=0,"—",IF(V7="","",V7/U7)),"—") | X7: 10 | Z7: =IFERROR(IF(X7=0,"—",IF(Y7="","",Y7/X7)),"—") | AA7: 11 | AC7: =IFERROR(IF(AA7=0,"—",IF(AB7="","",AB7/AA7)),"—") | AD7: 12 | AF7: =IFERROR(IF(AD7=0,"—",IF(AE7="","",AE7/AD7)),"—") | AG7: 13 | AI7: =IFERROR(IF(AG7=0,"—",IF(AH7="","",AH7/AG7)),"—") | AJ7: 14 | AL7: =IFERROR(IF(AJ7=0,"—",IF(AK7="","",AK7/AJ7)),"—")
B8: Накопич. клієнтів (з 0), шт. | C8: 4 | D8: 5 | E8: =IFERROR(IF(C8=0,"—",IF(D8="","",D8/C8)),"—") -> 1.25 | F8: 10 | H8: =IFERROR(IF(F8=0,"—",IF(G8="","",G8/F8)),"—") | I8: 17 | K8: =IFERROR(IF(I8=0,"—",IF(J8="","",J8/I8)),"—") | L8: 25 | N8: =IFERROR(IF(L8=0,"—",IF(M8="","",M8/L8)),"—") | O8: 34 | Q8: =IFERROR(IF(O8=0,"—",IF(P8="","",P8/O8)),"—") | R8: 44 | T8: =IFERROR(IF(R8=0,"—",IF(S8="","",S8/R8)),"—") | U8: 54 | W8: =IFERROR(IF(U8=0,"—",IF(V8="","",V8/U8)),"—") | X8: 64 | Z8: =IFERROR(IF(X8=0,"—",IF(Y8="","",Y8/X8)),"—") | AA8: 75 | AC8: =IFERROR(IF(AA8=0,"—",IF(AB8="","",AB8/AA8)),"—") | AD8: 86 | AF8: =IFERROR(IF(AD8=0,"—",IF(AE8="","",AE8/AD8)),"—") | AG8: 98 | AI8: =IFERROR(IF(AG8=0,"—",IF(AH8="","",AH8/AG8)),"—") | AJ8: 111 | AL8: =IFERROR(IF(AJ8=0,"—",IF(AK8="","",AK8/AJ8)),"—")
B9: Конверсія Ліди → MQL, % | C9: 0.5 | D9: 0.773 | E9: =IFERROR(IF(C9=0,"—",IF(D9="","",D9/C9)),"—") -> 1.546 | F9: 0.52 | H9: =IFERROR(IF(F9=0,"—",IF(G9="","",G9/F9)),"—") | I9: 0.55 | K9: =IFERROR(IF(I9=0,"—",IF(J9="","",J9/I9)),"—") | L9: 0.55 | N9: =IFERROR(IF(L9=0,"—",IF(M9="","",M9/L9)),"—") | O9: 0.57 | Q9: =IFERROR(IF(O9=0,"—",IF(P9="","",P9/O9)),"—") | R9: 0.58 | T9: =IFERROR(IF(R9=0,"—",IF(S9="","",S9/R9)),"—") | U9: 0.58 | W9: =IFERROR(IF(U9=0,"—",IF(V9="","",V9/U9)),"—") | X9: 0.6 | Z9: =IFERROR(IF(X9=0,"—",IF(Y9="","",Y9/X9)),"—") | AA9: 0.6 | AC9: =IFERROR(IF(AA9=0,"—",IF(AB9="","",AB9/AA9)),"—") | AD9: 0.62 | AF9: =IFERROR(IF(AD9=0,"—",IF(AE9="","",AE9/AD9)),"—") | AG9: 0.63 | AI9: =IFERROR(IF(AG9=0,"—",IF(AH9="","",AH9/AG9)),"—") | AJ9: 0.65 | AL9: =IFERROR(IF(AJ9=0,"—",IF(AK9="","",AK9/AJ9)),"—")
B10: Конверсія MQL → SQL, % | C10: 0.2 | D10: 0.242 | E10: =IFERROR(IF(C10=0,"—",IF(D10="","",D10/C10)),"—") -> 1.21 | F10: 0.2 | H10: =IFERROR(IF(F10=0,"—",IF(G10="","",G10/F10)),"—") | I10: 0.22 | K10: =IFERROR(IF(I10=0,"—",IF(J10="","",J10/I10)),"—") | L10: 0.22 | N10: =IFERROR(IF(L10=0,"—",IF(M10="","",M10/L10)),"—") | O10: 0.22 | Q10: =IFERROR(IF(O10=0,"—",IF(P10="","",P10/O10)),"—") | R10: 0.22 | T10: =IFERROR(IF(R10=0,"—",IF(S10="","",S10/R10)),"—") | U10: 0.22 | W10: =IFERROR(IF(U10=0,"—",IF(V10="","",V10/U10)),"—") | X10: 0.22 | Z10: =IFERROR(IF(X10=0,"—",IF(Y10="","",Y10/X10)),"—") | AA10: 0.22 | AC10: =IFERROR(IF(AA10=0,"—",IF(AB10="","",AB10/AA10)),"—") | AD10: 0.23 | AF10: =IFERROR(IF(AD10=0,"—",IF(AE10="","",AE10/AD10)),"—") | AG10: 0.23 | AI10: =IFERROR(IF(AG10=0,"—",IF(AH10="","",AH10/AG10)),"—") | AJ10: 0.23 | AL10: =IFERROR(IF(AJ10=0,"—",IF(AK10="","",AK10/AJ10)),"—")
B11: Конверсія SQL → Клієнт, % | C11: 0.25 | D11: 0.208 | E11: =IFERROR(IF(C11=0,"—",IF(D11="","",D11/C11)),"—") -> 0.832 | F11: 0.27 | H11: =IFERROR(IF(F11=0,"—",IF(G11="","",G11/F11)),"—") | I11: 0.28 | K11: =IFERROR(IF(I11=0,"—",IF(J11="","",J11/I11)),"—") | L11: 0.3 | N11: =IFERROR(IF(L11=0,"—",IF(M11="","",M11/L11)),"—") | O11: 0.3 | Q11: =IFERROR(IF(O11=0,"—",IF(P11="","",P11/O11)),"—") | R11: 0.33 | T11: =IFERROR(IF(R11=0,"—",IF(S11="","",S11/R11)),"—") | U11: 0.33 | W11: =IFERROR(IF(U11=0,"—",IF(V11="","",V11/U11)),"—") | X11: 0.35 | Z11: =IFERROR(IF(X11=0,"—",IF(Y11="","",Y11/X11)),"—") | AA11: 0.35 | AC11: =IFERROR(IF(AA11=0,"—",IF(AB11="","",AB11/AA11)),"—") | AD11: 0.37 | AF11: =IFERROR(IF(AD11=0,"—",IF(AE11="","",AE11/AD11)),"—") | AG11: 0.38 | AI11: =IFERROR(IF(AG11=0,"—",IF(AH11="","",AH11/AG11)),"—") | AJ11: 0.4 | AL11: =IFERROR(IF(AJ11=0,"—",IF(AK11="","",AK11/AJ11)),"—")
A12: 💰 Unit Econ | B12: CAC зведений, USD | C12: 380 | D12: 267 | E12: =IFERROR(IF(C12=0,"—",IF(D12="","",D12/C12)),"—") -> 0.70263158 | F12: 370 | H12: =IFERROR(IF(F12=0,"—",IF(G12="","",G12/F12)),"—") | I12: 360 | K12: =IFERROR(IF(I12=0,"—",IF(J12="","",J12/I12)),"—") | L12: 320 | N12: =IFERROR(IF(L12=0,"—",IF(M12="","",M12/L12)),"—") | O12: 310 | Q12: =IFERROR(IF(O12=0,"—",IF(P12="","",P12/O12)),"—") | R12: 295 | T12: =IFERROR(IF(R12=0,"—",IF(S12="","",S12/R12)),"—") | U12: 270 | W12: =IFERROR(IF(U12=0,"—",IF(V12="","",V12/U12)),"—") | X12: 255 | Z12: =IFERROR(IF(X12=0,"—",IF(Y12="","",Y12/X12)),"—") | AA12: 245 | AC12: =IFERROR(IF(AA12=0,"—",IF(AB12="","",AB12/AA12)),"—") | AD12: 235 | AF12: =IFERROR(IF(AD12=0,"—",IF(AE12="","",AE12/AD12)),"—") | AG12: 225 | AI12: =IFERROR(IF(AG12=0,"—",IF(AH12="","",AH12/AG12)),"—") | AJ12: 215 | AL12: =IFERROR(IF(AJ12=0,"—",IF(AK12="","",AK12/AJ12)),"—")
B13: CPL (вартість ліда), USD | C13: 35 | D13: 10.4 | E13: =IFERROR(IF(C13=0,"—",IF(D13="","",D13/C13)),"—") -> 0.29714286 | F13: 33 | H13: =IFERROR(IF(F13=0,"—",IF(G13="","",G13/F13)),"—") | I13: 31 | K13: =IFERROR(IF(I13=0,"—",IF(J13="","",J13/I13)),"—") | L13: 30 | N13: =IFERROR(IF(L13=0,"—",IF(M13="","",M13/L13)),"—") | O13: 28 | Q13: =IFERROR(IF(O13=0,"—",IF(P13="","",P13/O13)),"—") | R13: 27 | T13: =IFERROR(IF(R13=0,"—",IF(S13="","",S13/R13)),"—") | U13: 26 | W13: =IFERROR(IF(U13=0,"—",IF(V13="","",V13/U13)),"—") | X13: 25 | Z13: =IFERROR(IF(X13=0,"—",IF(Y13="","",Y13/X13)),"—") | AA13: 24 | AC13: =IFERROR(IF(AA13=0,"—",IF(AB13="","",AB13/AA13)),"—") | AD13: 23 | AF13: =IFERROR(IF(AD13=0,"—",IF(AE13="","",AE13/AD13)),"—") | AG13: 22 | AI13: =IFERROR(IF(AG13=0,"—",IF(AH13="","",AH13/AG13)),"—") | AJ13: 20 | AL13: =IFERROR(IF(AJ13=0,"—",IF(AK13="","",AK13/AJ13)),"—")
B14: Витрати на рекламу, USD | C14: 1500 | D14: 1336.77 | E14: =IFERROR(IF(C14=0,"—",IF(D14="","",D14/C14)),"—") -> 0.89118 | F14: 1500 | H14: =IFERROR(IF(F14=0,"—",IF(G14="","",G14/F14)),"—") | I14: 1500 | K14: =IFERROR(IF(I14=0,"—",IF(J14="","",J14/I14)),"—") | L14: 1750 | N14: =IFERROR(IF(L14=0,"—",IF(M14="","",M14/L14)),"—") | O14: 1750 | Q14: =IFERROR(IF(O14=0,"—",IF(P14="","",P14/O14)),"—") | R14: 1750 | T14: =IFERROR(IF(R14=0,"—",IF(S14="","",S14/R14)),"—") | U14: 2000 | W14: =IFERROR(IF(U14=0,"—",IF(V14="","",V14/U14)),"—") | X14: 2000 | Z14: =IFERROR(IF(X14=0,"—",IF(Y14="","",Y14/X14)),"—") | AA14: 2000 | AC14: =IFERROR(IF(AA14=0,"—",IF(AB14="","",AB14/AA14)),"—") | AD14: 2250 | AF14: =IFERROR(IF(AD14=0,"—",IF(AE14="","",AE14/AD14)),"—") | AG14: 2250 | AI14: =IFERROR(IF(AG14=0,"—",IF(AH14="","",AH14/AG14)),"—") | AJ14: 2250 | AL14: =IFERROR(IF(AJ14=0,"—",IF(AK14="","",AK14/AJ14)),"—")
B15: LTV:CAC ratio | E15: =IFERROR(IF(C15=0,"—",IF(D15="","",D15/C15)),"—") -> — | H15: =IFERROR(IF(F15=0,"—",IF(G15="","",G15/F15)),"—") -> — | K15: =IFERROR(IF(I15=0,"—",IF(J15="","",J15/I15)),"—") -> — | N15: =IFERROR(IF(L15=0,"—",IF(M15="","",M15/L15)),"—") -> — | Q15: =IFERROR(IF(O15=0,"—",IF(P15="","",P15/O15)),"—") -> — | R15: 3.5 | T15: =IFERROR(IF(R15=0,"—",IF(S15="","",S15/R15)),"—") | W15: =IFERROR(IF(U15=0,"—",IF(V15="","",V15/U15)),"—") -> — | Z15: =IFERROR(IF(X15=0,"—",IF(Y15="","",Y15/X15)),"—") -> — | AA15: 4 | AC15: =IFERROR(IF(AA15=0,"—",IF(AB15="","",AB15/AA15)),"—") | AF15: =IFERROR(IF(AD15=0,"—",IF(AE15="","",AE15/AD15)),"—") -> — | AI15: =IFERROR(IF(AG15=0,"—",IF(AH15="","",AH15/AG15)),"—") -> — | AJ15: 4.5 | AL15: =IFERROR(IF(AJ15=0,"—",IF(AK15="","",AK15/AJ15)),"—")
A16: 📣 Paid Media | B16: CTR платної реклами, % | C16: 0.015 | D16: 0.0874 | E16: =IFERROR(IF(C16=0,"—",IF(D16="","",D16/C16)),"—") -> 5.8266667 | F16: 0.017 | H16: =IFERROR(IF(F16=0,"—",IF(G16="","",G16/F16)),"—") | I16: 0.018 | K16: =IFERROR(IF(I16=0,"—",IF(J16="","",J16/I16)),"—") | L16: 0.02 | N16: =IFERROR(IF(L16=0,"—",IF(M16="","",M16/L16)),"—") | O16: 0.022 | Q16: =IFERROR(IF(O16=0,"—",IF(P16="","",P16/O16)),"—") | R16: 0.025 | T16: =IFERROR(IF(R16=0,"—",IF(S16="","",S16/R16)),"—") | U16: 0.025 | W16: =IFERROR(IF(U16=0,"—",IF(V16="","",V16/U16)),"—") | X16: 0.027 | Z16: =IFERROR(IF(X16=0,"—",IF(Y16="","",Y16/X16)),"—") | AA16: 0.028 | AC16: =IFERROR(IF(AA16=0,"—",IF(AB16="","",AB16/AA16)),"—") | AD16: 0.028 | AF16: =IFERROR(IF(AD16=0,"—",IF(AE16="","",AE16/AD16)),"—") | AG16: 0.029 | AI16: =IFERROR(IF(AG16=0,"—",IF(AH16="","",AH16/AG16)),"—") | AJ16: 0.03 | AL16: =IFERROR(IF(AJ16=0,"—",IF(AK16="","",AK16/AJ16)),"—")
B17: Google: покази, тис. | C17: 200 | D17: 3 | E17: =IFERROR(IF(C17=0,"—",IF(D17="","",D17/C17)),"—") -> 0.015 | F17: 220 | H17: =IFERROR(IF(F17=0,"—",IF(G17="","",G17/F17)),"—") | I17: 240 | K17: =IFERROR(IF(I17=0,"—",IF(J17="","",J17/I17)),"—") | L17: 260 | N17: =IFERROR(IF(L17=0,"—",IF(M17="","",M17/L17)),"—") | O17: 280 | Q17: =IFERROR(IF(O17=0,"—",IF(P17="","",P17/O17)),"—") | R17: 300 | T17: =IFERROR(IF(R17=0,"—",IF(S17="","",S17/R17)),"—") | U17: 320 | W17: =IFERROR(IF(U17=0,"—",IF(V17="","",V17/U17)),"—") | X17: 340 | Z17: =IFERROR(IF(X17=0,"—",IF(Y17="","",Y17/X17)),"—") | AA17: 360 | AC17: =IFERROR(IF(AA17=0,"—",IF(AB17="","",AB17/AA17)),"—") | AD17: 380 | AF17: =IFERROR(IF(AD17=0,"—",IF(AE17="","",AE17/AD17)),"—") | AG17: 400 | AI17: =IFERROR(IF(AG17=0,"—",IF(AH17="","",AH17/AG17)),"—") | AJ17: 420 | AL17: =IFERROR(IF(AJ17=0,"—",IF(AK17="","",AK17/AJ17)),"—")
B18: Meta: охоплення (люди), тис. | C18: 50 | D18: 20 | E18: =IFERROR(IF(C18=0,"—",IF(D18="","",D18/C18)),"—") -> 0.4 | F18: 70 | H18: =IFERROR(IF(F18=0,"—",IF(G18="","",G18/F18)),"—") | I18: 90 | K18: =IFERROR(IF(I18=0,"—",IF(J18="","",J18/I18)),"—") | L18: 100 | N18: =IFERROR(IF(L18=0,"—",IF(M18="","",M18/L18)),"—") | O18: 120 | Q18: =IFERROR(IF(O18=0,"—",IF(P18="","",P18/O18)),"—") | R18: 150 | T18: =IFERROR(IF(R18=0,"—",IF(S18="","",S18/R18)),"—") | U18: 150 | W18: =IFERROR(IF(U18=0,"—",IF(V18="","",V18/U18)),"—") | X18: 180 | Z18: =IFERROR(IF(X18=0,"—",IF(Y18="","",Y18/X18)),"—") | AA18: 200 | AC18: =IFERROR(IF(AA18=0,"—",IF(AB18="","",AB18/AA18)),"—") | AD18: 220 | AF18: =IFERROR(IF(AD18=0,"—",IF(AE18="","",AE18/AD18)),"—") | AG18: 250 | AI18: =IFERROR(IF(AG18=0,"—",IF(AH18="","",AH18/AG18)),"—") | AJ18: 280 | AL18: =IFERROR(IF(AJ18=0,"—",IF(AK18="","",AK18/AJ18)),"—")
B19: TikTok: переглядів, тис. | D19: 0 | E19: =IFERROR(IF(C19=0,"—",IF(D19="","",D19/C19)),"—") -> — | F19: 30 | H19: =IFERROR(IF(F19=0,"—",IF(G19="","",G19/F19)),"—") | I19: 50 | K19: =IFERROR(IF(I19=0,"—",IF(J19="","",J19/I19)),"—") | L19: 60 | N19: =IFERROR(IF(L19=0,"—",IF(M19="","",M19/L19)),"—") | O19: 80 | Q19: =IFERROR(IF(O19=0,"—",IF(P19="","",P19/O19)),"—") | R19: 100 | T19: =IFERROR(IF(R19=0,"—",IF(S19="","",S19/R19)),"—") | U19: 100 | W19: =IFERROR(IF(U19=0,"—",IF(V19="","",V19/U19)),"—") | X19: 120 | Z19: =IFERROR(IF(X19=0,"—",IF(Y19="","",Y19/X19)),"—") | AA19: 140 | AC19: =IFERROR(IF(AA19=0,"—",IF(AB19="","",AB19/AA19)),"—") | AD19: 140 | AF19: =IFERROR(IF(AD19=0,"—",IF(AE19="","",AE19/AD19)),"—") | AG19: 160 | AI19: =IFERROR(IF(AG19=0,"—",IF(AH19="","",AH19/AG19)),"—") | AJ19: 200 | AL19: =IFERROR(IF(AJ19=0,"—",IF(AK19="","",AK19/AJ19)),"—")
A20: 🌐 Бренд | B20: Брендовий пошук: зріст, % | E20: =IFERROR(IF(C20=0,"—",IF(D20="","",D20/C20)),"—") -> — | H20: =IFERROR(IF(F20=0,"—",IF(G20="","",G20/F20)),"—") -> — | I20: 0.05 | K20: =IFERROR(IF(I20=0,"—",IF(J20="","",J20/I20)),"—") | L20: 0.08 | N20: =IFERROR(IF(L20=0,"—",IF(M20="","",M20/L20)),"—") | O20: 0.12 | Q20: =IFERROR(IF(O20=0,"—",IF(P20="","",P20/O20)),"—") | R20: 0.18 | T20: =IFERROR(IF(R20=0,"—",IF(S20="","",S20/R20)),"—") | U20: 0.25 | W20: =IFERROR(IF(U20=0,"—",IF(V20="","",V20/U20)),"—") | X20: 0.32 | Z20: =IFERROR(IF(X20=0,"—",IF(Y20="","",Y20/X20)),"—") | AA20: 0.4 | AC20: =IFERROR(IF(AA20=0,"—",IF(AB20="","",AB20/AA20)),"—") | AD20: 0.48 | AF20: =IFERROR(IF(AD20=0,"—",IF(AE20="","",AE20/AD20)),"—") | AG20: 0.57 | AI20: =IFERROR(IF(AG20=0,"—",IF(AH20="","",AH20/AG20)),"—") | AJ20: 0.65 | AL20: =IFERROR(IF(AJ20=0,"—",IF(AK20="","",AK20/AJ20)),"—")
B21: Частка прямого трафіку, % | C21: 0.05 | E21: =IFERROR(IF(C21=0,"—",IF(D21="","",D21/C21)),"—") | F21: 0.06 | H21: =IFERROR(IF(F21=0,"—",IF(G21="","",G21/F21)),"—") | I21: 0.07 | K21: =IFERROR(IF(I21=0,"—",IF(J21="","",J21/I21)),"—") | L21: 0.08 | N21: =IFERROR(IF(L21=0,"—",IF(M21="","",M21/L21)),"—") | O21: 0.1 | Q21: =IFERROR(IF(O21=0,"—",IF(P21="","",P21/O21)),"—") | R21: 0.12 | T21: =IFERROR(IF(R21=0,"—",IF(S21="","",S21/R21)),"—") | U21: 0.14 | W21: =IFERROR(IF(U21=0,"—",IF(V21="","",V21/U21)),"—") | X21: 0.16 | Z21: =IFERROR(IF(X21=0,"—",IF(Y21="","",Y21/X21)),"—") | AA21: 0.18 | AC21: =IFERROR(IF(AA21=0,"—",IF(AB21="","",AB21/AA21)),"—") | AD21: 0.2 | AF21: =IFERROR(IF(AD21=0,"—",IF(AE21="","",AE21/AD21)),"—") | AG21: 0.22 | AI21: =IFERROR(IF(AG21=0,"—",IF(AH21="","",AH21/AG21)),"—") | AJ21: 0.25 | AL21: =IFERROR(IF(AJ21=0,"—",IF(AK21="","",AK21/AJ21)),"—")
B22: Загальне охоплення (платне+орг.), тис. | C22: 100 | E22: =IFERROR(IF(C22=0,"—",IF(D22="","",D22/C22)),"—") | F22: 150 | H22: =IFERROR(IF(F22=0,"—",IF(G22="","",G22/F22)),"—") | I22: 200 | K22: =IFERROR(IF(I22=0,"—",IF(J22="","",J22/I22)),"—") | L22: 250 | N22: =IFERROR(IF(L22=0,"—",IF(M22="","",M22/L22)),"—") | O22: 300 | Q22: =IFERROR(IF(O22=0,"—",IF(P22="","",P22/O22)),"—") | R22: 350 | T22: =IFERROR(IF(R22=0,"—",IF(S22="","",S22/R22)),"—") | U22: 400 | W22: =IFERROR(IF(U22=0,"—",IF(V22="","",V22/U22)),"—") | X22: 450 | Z22: =IFERROR(IF(X22=0,"—",IF(Y22="","",Y22/X22)),"—") | AA22: 500 | AC22: =IFERROR(IF(AA22=0,"—",IF(AB22="","",AB22/AA22)),"—") | AD22: 550 | AF22: =IFERROR(IF(AD22=0,"—",IF(AE22="","",AE22/AD22)),"—") | AG22: 600 | AI22: =IFERROR(IF(AG22=0,"—",IF(AH22="","",AH22/AG22)),"—") | AJ22: 700 | AL22: =IFERROR(IF(AJ22=0,"—",IF(AK22="","",AK22/AJ22)),"—")
A23: 📱 SMM | B23: ER соцмереж (Engagement Rate), % | C23: 0.01 | E23: =IFERROR(IF(C23=0,"—",IF(D23="","",D23/C23)),"—") | F23: 0.015 | H23: =IFERROR(IF(F23=0,"—",IF(G23="","",G23/F23)),"—") | I23: 0.02 | K23: =IFERROR(IF(I23=0,"—",IF(J23="","",J23/I23)),"—") | L23: 0.025 | N23: =IFERROR(IF(L23=0,"—",IF(M23="","",M23/L23)),"—") | O23: 0.03 | Q23: =IFERROR(IF(O23=0,"—",IF(P23="","",P23/O23)),"—") | R23: 0.035 | T23: =IFERROR(IF(R23=0,"—",IF(S23="","",S23/R23)),"—") | U23: 0.04 | W23: =IFERROR(IF(U23=0,"—",IF(V23="","",V23/U23)),"—") | X23: 0.045 | Z23: =IFERROR(IF(X23=0,"—",IF(Y23="","",Y23/X23)),"—") | AA23: 0.05 | AC23: =IFERROR(IF(AA23=0,"—",IF(AB23="","",AB23/AA23)),"—") | AD23: 0.05 | AF23: =IFERROR(IF(AD23=0,"—",IF(AE23="","",AE23/AD23)),"—") | AG23: 0.055 | AI23: =IFERROR(IF(AG23=0,"—",IF(AH23="","",AH23/AG23)),"—") | AJ23: 0.06 | AL23: =IFERROR(IF(AJ23=0,"—",IF(AK23="","",AK23/AJ23)),"—")
B24: Підписники (всі платформи), шт. | C24: 200 | E24: =IFERROR(IF(C24=0,"—",IF(D24="","",D24/C24)),"—") | F24: 400 | H24: =IFERROR(IF(F24=0,"—",IF(G24="","",G24/F24)),"—") | I24: 700 | K24: =IFERROR(IF(I24=0,"—",IF(J24="","",J24/I24)),"—") | L24: 1000 | N24: =IFERROR(IF(L24=0,"—",IF(M24="","",M24/L24)),"—") | O24: 1400 | Q24: =IFERROR(IF(O24=0,"—",IF(P24="","",P24/O24)),"—") | R24: 1900 | T24: =IFERROR(IF(R24=0,"—",IF(S24="","",S24/R24)),"—") | U24: 2500 | W24: =IFERROR(IF(U24=0,"—",IF(V24="","",V24/U24)),"—") | X24: 3200 | Z24: =IFERROR(IF(X24=0,"—",IF(Y24="","",Y24/X24)),"—") | AA24: 4000 | AC24: =IFERROR(IF(AA24=0,"—",IF(AB24="","",AB24/AA24)),"—") | AD24: 4800 | AF24: =IFERROR(IF(AD24=0,"—",IF(AE24="","",AE24/AD24)),"—") | AG24: 5700 | AI24: =IFERROR(IF(AG24=0,"—",IF(AH24="","",AH24/AG24)),"—") | AJ24: 7000 | AL24: =IFERROR(IF(AJ24=0,"—",IF(AK24="","",AK24/AJ24)),"—")
A25: ✍️ Контент / PR | B25: Статей у блозі (накопич.), шт. | C25: 2 | E25: =IFERROR(IF(C25=0,"—",IF(D25="","",D25/C25)),"—") | F25: 4 | H25: =IFERROR(IF(F25=0,"—",IF(G25="","",G25/F25)),"—") | I25: 6 | K25: =IFERROR(IF(I25=0,"—",IF(J25="","",J25/I25)),"—") | L25: 8 | N25: =IFERROR(IF(L25=0,"—",IF(M25="","",M25/L25)),"—") | O25: 10 | Q25: =IFERROR(IF(O25=0,"—",IF(P25="","",P25/O25)),"—") | R25: 14 | T25: =IFERROR(IF(R25=0,"—",IF(S25="","",S25/R25)),"—") | U25: 18 | W25: =IFERROR(IF(U25=0,"—",IF(V25="","",V25/U25)),"—") | X25: 22 | Z25: =IFERROR(IF(X25=0,"—",IF(Y25="","",Y25/X25)),"—") | AA25: 26 | AC25: =IFERROR(IF(AA25=0,"—",IF(AB25="","",AB25/AA25)),"—") | AD25: 30 | AF25: =IFERROR(IF(AD25=0,"—",IF(AE25="","",AE25/AD25)),"—") | AG25: 34 | AI25: =IFERROR(IF(AG25=0,"—",IF(AH25="","",AH25/AG25)),"—") | AJ25: 38 | AL25: =IFERROR(IF(AJ25=0,"—",IF(AK25="","",AK25/AJ25)),"—")
B26: Кейс-стаді опубл. (накопич.), шт. | C26: 0 | E26: =IFERROR(IF(C26=0,"—",IF(D26="","",D26/C26)),"—") -> — | F26: 0 | H26: =IFERROR(IF(F26=0,"—",IF(G26="","",G26/F26)),"—") -> — | I26: 1 | K26: =IFERROR(IF(I26=0,"—",IF(J26="","",J26/I26)),"—") | L26: 2 | N26: =IFERROR(IF(L26=0,"—",IF(M26="","",M26/L26)),"—") | O26: 3 | Q26: =IFERROR(IF(O26=0,"—",IF(P26="","",P26/O26)),"—") | R26: 4 | T26: =IFERROR(IF(R26=0,"—",IF(S26="","",S26/R26)),"—") | U26: 5 | W26: =IFERROR(IF(U26=0,"—",IF(V26="","",V26/U26)),"—") | X26: 6 | Z26: =IFERROR(IF(X26=0,"—",IF(Y26="","",Y26/X26)),"—") | AA26: 7 | AC26: =IFERROR(IF(AA26=0,"—",IF(AB26="","",AB26/AA26)),"—") | AD26: 8 | AF26: =IFERROR(IF(AD26=0,"—",IF(AE26="","",AE26/AD26)),"—") | AG26: 9 | AI26: =IFERROR(IF(AG26=0,"—",IF(AH26="","",AH26/AG26)),"—") | AJ26: 10 | AL26: =IFERROR(IF(AJ26=0,"—",IF(AK26="","",AK26/AJ26)),"—")
B27: PR-публікації (накопич.), шт. | C27: 0 | E27: =IFERROR(IF(C27=0,"—",IF(D27="","",D27/C27)),"—") -> — | F27: 0 | H27: =IFERROR(IF(F27=0,"—",IF(G27="","",G27/F27)),"—") -> — | I27: 1 | K27: =IFERROR(IF(I27=0,"—",IF(J27="","",J27/I27)),"—") | L27: 1 | N27: =IFERROR(IF(L27=0,"—",IF(M27="","",M27/L27)),"—") | O27: 2 | Q27: =IFERROR(IF(O27=0,"—",IF(P27="","",P27/O27)),"—") | R27: 2 | T27: =IFERROR(IF(R27=0,"—",IF(S27="","",S27/R27)),"—") | U27: 3 | W27: =IFERROR(IF(U27=0,"—",IF(V27="","",V27/U27)),"—") | X27: 4 | Z27: =IFERROR(IF(X27=0,"—",IF(Y27="","",Y27/X27)),"—") | AA27: 5 | AC27: =IFERROR(IF(AA27=0,"—",IF(AB27="","",AB27/AA27)),"—") | AD27: 6 | AF27: =IFERROR(IF(AD27=0,"—",IF(AE27="","",AE27/AD27)),"—") | AG27: 7 | AI27: =IFERROR(IF(AG27=0,"—",IF(AH27="","",AH27/AG27)),"—") | AJ27: 8 | AL27: =IFERROR(IF(AJ27=0,"—",IF(AK27="","",AK27/AJ27)),"—")
A28: 📧 Email | B28: Email Open Rate (OR), % | C28: 0.25 | E28: =IFERROR(IF(C28=0,"—",IF(D28="","",D28/C28)),"—") | F28: 0.28 | H28: =IFERROR(IF(F28=0,"—",IF(G28="","",G28/F28)),"—") | I28: 0.3 | K28: =IFERROR(IF(I28=0,"—",IF(J28="","",J28/I28)),"—") | L28: 0.32 | N28: =IFERROR(IF(L28=0,"—",IF(M28="","",M28/L28)),"—") | O28: 0.33 | Q28: =IFERROR(IF(O28=0,"—",IF(P28="","",P28/O28)),"—") | R28: 0.35 | T28: =IFERROR(IF(R28=0,"—",IF(S28="","",S28/R28)),"—") | U28: 0.35 | W28: =IFERROR(IF(U28=0,"—",IF(V28="","",V28/U28)),"—") | X28: 0.36 | Z28: =IFERROR(IF(X28=0,"—",IF(Y28="","",Y28/X28)),"—") | AA28: 0.37 | AC28: =IFERROR(IF(AA28=0,"—",IF(AB28="","",AB28/AA28)),"—") | AD28: 0.37 | AF28: =IFERROR(IF(AD28=0,"—",IF(AE28="","",AE28/AD28)),"—") | AG28: 0.38 | AI28: =IFERROR(IF(AG28=0,"—",IF(AH28="","",AH28/AG28)),"—") | AJ28: 0.4 | AL28: =IFERROR(IF(AJ28=0,"—",IF(AK28="","",AK28/AJ28)),"—")
B29: Email CTR, % | C29: 0.05 | E29: =IFERROR(IF(C29=0,"—",IF(D29="","",D29/C29)),"—") | F29: 0.06 | H29: =IFERROR(IF(F29=0,"—",IF(G29="","",G29/F29)),"—") | I29: 0.07 | K29: =IFERROR(IF(I29=0,"—",IF(J29="","",J29/I29)),"—") | L29: 0.07 | N29: =IFERROR(IF(L29=0,"—",IF(M29="","",M29/L29)),"—") | O29: 0.08 | Q29: =IFERROR(IF(O29=0,"—",IF(P29="","",P29/O29)),"—") | R29: 0.08 | T29: =IFERROR(IF(R29=0,"—",IF(S29="","",S29/R29)),"—") | U29: 0.08 | W29: =IFERROR(IF(U29=0,"—",IF(V29="","",V29/U29)),"—") | X29: 0.09 | Z29: =IFERROR(IF(X29=0,"—",IF(Y29="","",Y29/X29)),"—") | AA29: 0.09 | AC29: =IFERROR(IF(AA29=0,"—",IF(AB29="","",AB29/AA29)),"—") | AD29: 0.09 | AF29: =IFERROR(IF(AD29=0,"—",IF(AE29="","",AE29/AD29)),"—") | AG29: 0.09 | AI29: =IFERROR(IF(AG29=0,"—",IF(AH29="","",AH29/AG29)),"—") | AJ29: 0.1 | AL29: =IFERROR(IF(AJ29=0,"—",IF(AK29="","",AK29/AJ29)),"—")
A30: 🔒 Утримання | B30: Утримання клієнтів 3M, % | E30: =IFERROR(IF(C30=0,"—",IF(D30="","",D30/C30)),"—") -> — | H30: =IFERROR(IF(F30=0,"—",IF(G30="","",G30/F30)),"—") -> — | I30: 0.7 | K30: =IFERROR(IF(I30=0,"—",IF(J30="","",J30/I30)),"—") | N30: =IFERROR(IF(L30=0,"—",IF(M30="","",M30/L30)),"—") -> — | Q30: =IFERROR(IF(O30=0,"—",IF(P30="","",P30/O30)),"—") -> — | R30: 0.72 | T30: =IFERROR(IF(R30=0,"—",IF(S30="","",S30/R30)),"—") | W30: =IFERROR(IF(U30=0,"—",IF(V30="","",V30/U30)),"—") -> — | Z30: =IFERROR(IF(X30=0,"—",IF(Y30="","",Y30/X30)),"—") -> — | AA30: 0.73 | AC30: =IFERROR(IF(AA30=0,"—",IF(AB30="","",AB30/AA30)),"—") | AF30: =IFERROR(IF(AD30=0,"—",IF(AE30="","",AE30/AD30)),"—") -> — | AI30: =IFERROR(IF(AG30=0,"—",IF(AH30="","",AH30/AG30)),"—") -> — | AJ30: 0.75 | AL30: =IFERROR(IF(AJ30=0,"—",IF(AK30="","",AK30/AJ30)),"—")
B31: Відгуки / Рекомендації (накопич.) | C31: 0 | E31: =IFERROR(IF(C31=0,"—",IF(D31="","",D31/C31)),"—") -> — | F31: 1 | H31: =IFERROR(IF(F31=0,"—",IF(G31="","",G31/F31)),"—") | I31: 3 | K31: =IFERROR(IF(I31=0,"—",IF(J31="","",J31/I31)),"—") | L31: 5 | N31: =IFERROR(IF(L31=0,"—",IF(M31="","",M31/L31)),"—") | O31: 8 | Q31: =IFERROR(IF(O31=0,"—",IF(P31="","",P31/O31)),"—") | R31: 12 | T31: =IFERROR(IF(R31=0,"—",IF(S31="","",S31/R31)),"—") | U31: 15 | W31: =IFERROR(IF(U31=0,"—",IF(V31="","",V31/U31)),"—") | X31: 18 | Z31: =IFERROR(IF(X31=0,"—",IF(Y31="","",Y31/X31)),"—") | AA31: 21 | AC31: =IFERROR(IF(AA31=0,"—",IF(AB31="","",AB31/AA31)),"—") | AD31: 23 | AF31: =IFERROR(IF(AD31=0,"—",IF(AE31="","",AE31/AD31)),"—") | AG31: 26 | AI31: =IFERROR(IF(AG31=0,"—",IF(AH31="","",AH31/AG31)),"—") | AJ31: 30 | AL31: =IFERROR(IF(AJ31=0,"—",IF(AK31="","",AK31/AJ31)),"—")
B32: Партнерства (накопич.), шт. | C32: 0 | E32: =IFERROR(IF(C32=0,"—",IF(D32="","",D32/C32)),"—") -> — | F32: 0 | H32: =IFERROR(IF(F32=0,"—",IF(G32="","",G32/F32)),"—") -> — | I32: 1 | K32: =IFERROR(IF(I32=0,"—",IF(J32="","",J32/I32)),"—") | L32: 1 | N32: =IFERROR(IF(L32=0,"—",IF(M32="","",M32/L32)),"—") | O32: 2 | Q32: =IFERROR(IF(O32=0,"—",IF(P32="","",P32/O32)),"—") | R32: 3 | T32: =IFERROR(IF(R32=0,"—",IF(S32="","",S32/R32)),"—") | U32: 4 | W32: =IFERROR(IF(U32=0,"—",IF(V32="","",V32/U32)),"—") | X32: 5 | Z32: =IFERROR(IF(X32=0,"—",IF(Y32="","",Y32/X32)),"—") | AA32: 6 | AC32: =IFERROR(IF(AA32=0,"—",IF(AB32="","",AB32/AA32)),"—") | AD32: 7 | AF32: =IFERROR(IF(AD32=0,"—",IF(AE32="","",AE32/AD32)),"—") | AG32: 8 | AI32: =IFERROR(IF(AG32=0,"—",IF(AH32="","",AH32/AG32)),"—") | AJ32: 10 | AL32: =IFERROR(IF(AJ32=0,"—",IF(AK32="","",AK32/AJ32)),"—")
A33: 🏁 Накопичено клієнтів (рядок 4 + підсумок) | C33: =C8 -> 4 | D33: 5 | E33: =IFERROR(IF(C33=0,"—",IF(D33="","",D33/C33)),"—") -> 1.25 | F33: =F8 -> 10 | H33: =IFERROR(IF(F33=0,"—",IF(G33="","",G33/F33)),"—") | I33: =I8 -> 17 | K33: =IFERROR(IF(I33=0,"—",IF(J33="","",J33/I33)),"—") | L33: =L8 -> 25 | N33: =IFERROR(IF(L33=0,"—",IF(M33="","",M33/L33)),"—") | O33: =O8 -> 34 | Q33: =IFERROR(IF(O33=0,"—",IF(P33="","",P33/O33)),"—") | R33: =R8 -> 44 | T33: =IFERROR(IF(R33=0,"—",IF(S33="","",S33/R33)),"—") | U33: =U8 -> 54 | W33: =IFERROR(IF(U33=0,"—",IF(V33="","",V33/U33)),"—") | X33: =X8 -> 64 | Z33: =IFERROR(IF(X33=0,"—",IF(Y33="","",Y33/X33)),"—") | AA33: =AA8 -> 75 | AC33: =IFERROR(IF(AA33=0,"—",IF(AB33="","",AB33/AA33)),"—") | AD33: =AD8 -> 86 | AF33: =IFERROR(IF(AD33=0,"—",IF(AE33="","",AE33/AD33)),"—") | AG33: =AG8 -> 98 | AI33: =IFERROR(IF(AG33=0,"—",IF(AH33="","",AH33/AG33)),"—") | AJ33: =AJ8 -> 111 | AL33: =IFERROR(IF(AJ33=0,"—",IF(AK33="","",AK33/AJ33)),"—")
A35: 📡 РОЗБИВКА ЛІДІВ ЗА КАНАЛАМИ · план та факт по місяцях
A36: 📂 Канал | B36: 📌 Метрика | C36: 🎯 План | D36: 📈 Факт | E36: % вик. | F36: 🎯 План | G36: 📈 Факт | H36: % вик. | I36: 🎯 План | J36: 📈 Факт | K36: % вик. | L36: 🎯 План | M36: 📈 Факт | N36: % вик. | O36: 🎯 План | P36: 📈 Факт | Q36: % вик. | R36: 🎯 План | S36: 📈 Факт | T36: % вик. | U36: 🎯 План | V36: 📈 Факт | W36: % вик. | X36: 🎯 План | Y36: 📈 Факт | Z36: % вик. | AA36: 🎯 План | AB36: 📈 Факт | AC36: % вик. | AD36: 🎯 План | AE36: 📈 Факт | AF36: % вик. | AG36: 🎯 План | AH36: 📈 Факт | AI36: % вик. | AJ36: 🎯 План | AK36: 📈 Факт | AL36: % вик.
A37: 🔍 Google Search Ads | B37: Ліди (заявки), шт. | C37: 61 | D37: 30 | E37: =IFERROR(IF(ISNUMBER(C37),IF(D37="","",D37/C37),"—"),"—") -> 0.49180328 | F37: 66 | H37: =IFERROR(IF(ISNUMBER(F37),IF(G37="","",G37/F37),"—"),"—") | I37: 70 | K37: =IFERROR(IF(ISNUMBER(I37),IF(J37="","",J37/I37),"—"),"—") | L37: 70 | N37: =IFERROR(IF(ISNUMBER(L37),IF(M37="","",M37/L37),"—"),"—") | O37: 74 | Q37: =IFERROR(IF(ISNUMBER(O37),IF(P37="","",P37/O37),"—"),"—") | R37: 80 | T37: =IFERROR(IF(ISNUMBER(R37),IF(S37="","",S37/R37),"—"),"—") | U37: 80 | W37: =IFERROR(IF(ISNUMBER(U37),IF(V37="","",V37/U37),"—"),"—") | X37: 83 | Z37: =IFERROR(IF(ISNUMBER(X37),IF(Y37="","",Y37/X37),"—"),"—") | AA37: 89 | AC37: =IFERROR(IF(ISNUMBER(AA37),IF(AB37="","",AB37/AA37),"—"),"—") | AD37: 87 | AF37: =IFERROR(IF(ISNUMBER(AD37),IF(AE37="","",AE37/AD37),"—"),"—") | AG37: 91 | AI37: =IFERROR(IF(ISNUMBER(AG37),IF(AH37="","",AH37/AG37),"—"),"—") | AJ37: 95 | AL37: =IFERROR(IF(ISNUMBER(AJ37),IF(AK37="","",AK37/AJ37),"—"),"—")
B38: MQL, шт. | C38: 30 | D38: 25 | E38: =IFERROR(IF(ISNUMBER(C38),IF(D38="","",D38/C38),"—"),"—") -> 0.83333333 | F38: 34 | H38: =IFERROR(IF(ISNUMBER(F38),IF(G38="","",G38/F38),"—"),"—") | I38: 38 | K38: =IFERROR(IF(ISNUMBER(I38),IF(J38="","",J38/I38),"—"),"—") | L38: 38 | N38: =IFERROR(IF(ISNUMBER(L38),IF(M38="","",M38/L38),"—"),"—") | O38: 42 | Q38: =IFERROR(IF(ISNUMBER(O38),IF(P38="","",P38/O38),"—"),"—") | R38: 45 | T38: =IFERROR(IF(ISNUMBER(R38),IF(S38="","",S38/R38),"—"),"—") | U38: 45 | W38: =IFERROR(IF(ISNUMBER(U38),IF(V38="","",V38/U38),"—"),"—") | X38: 49 | Z38: =IFERROR(IF(ISNUMBER(X38),IF(Y38="","",Y38/X38),"—"),"—") | AA38: 53 | AC38: =IFERROR(IF(ISNUMBER(AA38),IF(AB38="","",AB38/AA38),"—"),"—") | AD38: 53 | AF38: =IFERROR(IF(ISNUMBER(AD38),IF(AE38="","",AE38/AD38),"—"),"—") | AG38: 57 | AI38: =IFERROR(IF(ISNUMBER(AG38),IF(AH38="","",AH38/AG38),"—"),"—") | AJ38: 61 | AL38: =IFERROR(IF(ISNUMBER(AJ38),IF(AK38="","",AK38/AJ38),"—"),"—")
B39: SQL, шт. | C39: 6 | D39: 5 | E39: =IFERROR(IF(ISNUMBER(C39),IF(D39="","",D39/C39),"—"),"—") -> 0.83333333 | F39: 7 | H39: =IFERROR(IF(ISNUMBER(F39),IF(G39="","",G39/F39),"—"),"—") | I39: 8 | K39: =IFERROR(IF(ISNUMBER(I39),IF(J39="","",J39/I39),"—"),"—") | L39: 8 | N39: =IFERROR(IF(ISNUMBER(L39),IF(M39="","",M39/L39),"—"),"—") | O39: 9 | Q39: =IFERROR(IF(ISNUMBER(O39),IF(P39="","",P39/O39),"—"),"—") | R39: 10 | T39: =IFERROR(IF(ISNUMBER(R39),IF(S39="","",S39/R39),"—"),"—") | U39: 10 | W39: =IFERROR(IF(ISNUMBER(U39),IF(V39="","",V39/U39),"—"),"—") | X39: 11 | Z39: =IFERROR(IF(ISNUMBER(X39),IF(Y39="","",Y39/X39),"—"),"—") | AA39: 11 | AC39: =IFERROR(IF(ISNUMBER(AA39),IF(AB39="","",AB39/AA39),"—"),"—") | AD39: 12 | AF39: =IFERROR(IF(ISNUMBER(AD39),IF(AE39="","",AE39/AD39),"—"),"—") | AG39: 13 | AI39: =IFERROR(IF(ISNUMBER(AG39),IF(AH39="","",AH39/AG39),"—"),"—") | AJ39: 14 | AL39: =IFERROR(IF(ISNUMBER(AJ39),IF(AK39="","",AK39/AJ39),"—"),"—")
B40: ✅ Клієнти (контракт), шт. | C40: 2 | E40: =IFERROR(IF(ISNUMBER(C40),IF(D40="","",D40/C40),"—"),"—") | F40: 2 | H40: =IFERROR(IF(ISNUMBER(F40),IF(G40="","",G40/F40),"—"),"—") | I40: 3 | K40: =IFERROR(IF(ISNUMBER(I40),IF(J40="","",J40/I40),"—"),"—") | L40: 3 | N40: =IFERROR(IF(ISNUMBER(L40),IF(M40="","",M40/L40),"—"),"—") | O40: 3 | Q40: =IFERROR(IF(ISNUMBER(O40),IF(P40="","",P40/O40),"—"),"—") | R40: 4 | T40: =IFERROR(IF(ISNUMBER(R40),IF(S40="","",S40/R40),"—"),"—") | U40: 4 | W40: =IFERROR(IF(ISNUMBER(U40),IF(V40="","",V40/U40),"—"),"—") | X40: 4 | Z40: =IFERROR(IF(ISNUMBER(X40),IF(Y40="","",Y40/X40),"—"),"—") | AA40: 4 | AC40: =IFERROR(IF(ISNUMBER(AA40),IF(AB40="","",AB40/AA40),"—"),"—") | AD40: 5 | AF40: =IFERROR(IF(ISNUMBER(AD40),IF(AE40="","",AE40/AD40),"—"),"—") | AG40: 5 | AI40: =IFERROR(IF(ISNUMBER(AG40),IF(AH40="","",AH40/AG40),"—"),"—") | AJ40: 5 | AL40: =IFERROR(IF(ISNUMBER(AJ40),IF(AK40="","",AK40/AJ40),"—"),"—")
A41: 📘 Meta Ads | B41: Ліди (заявки), шт. | C41: 45 | D41: 27 | E41: =IFERROR(IF(ISNUMBER(C41),IF(D41="","",D41/C41),"—"),"—") -> 0.6 | F41: 50 | H41: =IFERROR(IF(ISNUMBER(F41),IF(G41="","",G41/F41),"—"),"—") | I41: 53 | K41: =IFERROR(IF(ISNUMBER(I41),IF(J41="","",J41/I41),"—"),"—") | L41: 53 | N41: =IFERROR(IF(ISNUMBER(L41),IF(M41="","",M41/L41),"—"),"—") | O41: 55 | Q41: =IFERROR(IF(ISNUMBER(O41),IF(P41="","",P41/O41),"—"),"—") | R41: 60 | T41: =IFERROR(IF(ISNUMBER(R41),IF(S41="","",S41/R41),"—"),"—") | U41: 60 | W41: =IFERROR(IF(ISNUMBER(U41),IF(V41="","",V41/U41),"—"),"—") | X41: 62 | Z41: =IFERROR(IF(ISNUMBER(X41),IF(Y41="","",Y41/X41),"—"),"—") | AA41: 67 | AC41: =IFERROR(IF(ISNUMBER(AA41),IF(AB41="","",AB41/AA41),"—"),"—") | AD41: 65 | AF41: =IFERROR(IF(ISNUMBER(AD41),IF(AE41="","",AE41/AD41),"—"),"—") | AG41: 68 | AI41: =IFERROR(IF(ISNUMBER(AG41),IF(AH41="","",AH41/AG41),"—"),"—") | AJ41: 71 | AL41: =IFERROR(IF(ISNUMBER(AJ41),IF(AK41="","",AK41/AJ41),"—"),"—")
B42: MQL, шт. | C42: 23 | D42: 11 | E42: =IFERROR(IF(ISNUMBER(C42),IF(D42="","",D42/C42),"—"),"—") -> 0.47826087 | F42: 26 | H42: =IFERROR(IF(ISNUMBER(F42),IF(G42="","",G42/F42),"—"),"—") | I42: 28 | K42: =IFERROR(IF(ISNUMBER(I42),IF(J42="","",J42/I42),"—"),"—") | L42: 28 | N42: =IFERROR(IF(ISNUMBER(L42),IF(M42="","",M42/L42),"—"),"—") | O42: 31 | Q42: =IFERROR(IF(ISNUMBER(O42),IF(P42="","",P42/O42),"—"),"—") | R42: 34 | T42: =IFERROR(IF(ISNUMBER(R42),IF(S42="","",S42/R42),"—"),"—") | U42: 34 | W42: =IFERROR(IF(ISNUMBER(U42),IF(V42="","",V42/U42),"—"),"—") | X42: 37 | Z42: =IFERROR(IF(ISNUMBER(X42),IF(Y42="","",Y42/X42),"—"),"—") | AA42: 40 | AC42: =IFERROR(IF(ISNUMBER(AA42),IF(AB42="","",AB42/AA42),"—"),"—") | AD42: 40 | AF42: =IFERROR(IF(ISNUMBER(AD42),IF(AE42="","",AE42/AD42),"—"),"—") | AG42: 43 | AI42: =IFERROR(IF(ISNUMBER(AG42),IF(AH42="","",AH42/AG42),"—"),"—") | AJ42: 45 | AL42: =IFERROR(IF(ISNUMBER(AJ42),IF(AK42="","",AK42/AJ42),"—"),"—")
B43: SQL, шт. | C43: 5 | D43: 1 | E43: =IFERROR(IF(ISNUMBER(C43),IF(D43="","",D43/C43),"—"),"—") -> 0.2 | F43: 5 | H43: =IFERROR(IF(ISNUMBER(F43),IF(G43="","",G43/F43),"—"),"—") | I43: 6 | K43: =IFERROR(IF(ISNUMBER(I43),IF(J43="","",J43/I43),"—"),"—") | L43: 6 | N43: =IFERROR(IF(ISNUMBER(L43),IF(M43="","",M43/L43),"—"),"—") | O43: 7 | Q43: =IFERROR(IF(ISNUMBER(O43),IF(P43="","",P43/O43),"—"),"—") | R43: 7 | T43: =IFERROR(IF(ISNUMBER(R43),IF(S43="","",S43/R43),"—"),"—") | U43: 7 | W43: =IFERROR(IF(ISNUMBER(U43),IF(V43="","",V43/U43),"—"),"—") | X43: 8 | Z43: =IFERROR(IF(ISNUMBER(X43),IF(Y43="","",Y43/X43),"—"),"—") | AA43: 9 | AC43: =IFERROR(IF(ISNUMBER(AA43),IF(AB43="","",AB43/AA43),"—"),"—") | AD43: 9 | AF43: =IFERROR(IF(ISNUMBER(AD43),IF(AE43="","",AE43/AD43),"—"),"—") | AG43: 10 | AI43: =IFERROR(IF(ISNUMBER(AG43),IF(AH43="","",AH43/AG43),"—"),"—") | AJ43: 10 | AL43: =IFERROR(IF(ISNUMBER(AJ43),IF(AK43="","",AK43/AJ43),"—"),"—")
B44: ✅ Клієнти (контракт), шт. | C44: 1 | E44: =IFERROR(IF(ISNUMBER(C44),IF(D44="","",D44/C44),"—"),"—") | F44: 2 | H44: =IFERROR(IF(ISNUMBER(F44),IF(G44="","",G44/F44),"—"),"—") | I44: 2 | K44: =IFERROR(IF(ISNUMBER(I44),IF(J44="","",J44/I44),"—"),"—") | L44: 2 | N44: =IFERROR(IF(ISNUMBER(L44),IF(M44="","",M44/L44),"—"),"—") | O44: 3 | Q44: =IFERROR(IF(ISNUMBER(O44),IF(P44="","",P44/O44),"—"),"—") | R44: 3 | T44: =IFERROR(IF(ISNUMBER(R44),IF(S44="","",S44/R44),"—"),"—") | U44: 3 | W44: =IFERROR(IF(ISNUMBER(U44),IF(V44="","",V44/U44),"—"),"—") | X44: 3 | Z44: =IFERROR(IF(ISNUMBER(X44),IF(Y44="","",Y44/X44),"—"),"—") | AA44: 3 | AC44: =IFERROR(IF(ISNUMBER(AA44),IF(AB44="","",AB44/AA44),"—"),"—") | AD44: 3 | AF44: =IFERROR(IF(ISNUMBER(AD44),IF(AE44="","",AE44/AD44),"—"),"—") | AG44: 4 | AI44: =IFERROR(IF(ISNUMBER(AG44),IF(AH44="","",AH44/AG44),"—"),"—") | AJ44: 4 | AL44: =IFERROR(IF(ISNUMBER(AJ44),IF(AK44="","",AK44/AJ44),"—"),"—")
A45: 🎵 TikTok Ads | C45: 8 | D45: 0 | E45: =IFERROR(IF(ISNUMBER(C45),IF(D45="","",D45/C45),"—"),"—") -> 0 | F45: 8 | H45: =IFERROR(IF(ISNUMBER(F45),IF(G45="","",G45/F45),"—"),"—") | I45: 9 | K45: =IFERROR(IF(ISNUMBER(I45),IF(J45="","",J45/I45),"—"),"—") | L45: 9 | N45: =IFERROR(IF(ISNUMBER(L45),IF(M45="","",M45/L45),"—"),"—") | O45: 9 | Q45: =IFERROR(IF(ISNUMBER(O45),IF(P45="","",P45/O45),"—"),"—") | R45: 10 | T45: =IFERROR(IF(ISNUMBER(R45),IF(S45="","",S45/R45),"—"),"—") | U45: 10 | W45: =IFERROR(IF(ISNUMBER(U45),IF(V45="","",V45/U45),"—"),"—") | X45: 10 | Z45: =IFERROR(IF(ISNUMBER(X45),IF(Y45="","",Y45/X45),"—"),"—") | AA45: 11 | AC45: =IFERROR(IF(ISNUMBER(AA45),IF(AB45="","",AB45/AA45),"—"),"—") | AD45: 11 | AF45: =IFERROR(IF(ISNUMBER(AD45),IF(AE45="","",AE45/AD45),"—"),"—") | AG45: 11 | AI45: =IFERROR(IF(ISNUMBER(AG45),IF(AH45="","",AH45/AG45),"—"),"—") | AJ45: 12 | AL45: =IFERROR(IF(ISNUMBER(AJ45),IF(AK45="","",AK45/AJ45),"—"),"—")
B46: MQL, шт. | C46: 4 | E46: =IFERROR(IF(ISNUMBER(C46),IF(D46="","",D46/C46),"—"),"—") | F46: 4 | H46: =IFERROR(IF(ISNUMBER(F46),IF(G46="","",G46/F46),"—"),"—") | I46: 5 | K46: =IFERROR(IF(ISNUMBER(I46),IF(J46="","",J46/I46),"—"),"—") | L46: 5 | N46: =IFERROR(IF(ISNUMBER(L46),IF(M46="","",M46/L46),"—"),"—") | O46: 5 | Q46: =IFERROR(IF(ISNUMBER(O46),IF(P46="","",P46/O46),"—"),"—") | R46: 6 | T46: =IFERROR(IF(ISNUMBER(R46),IF(S46="","",S46/R46),"—"),"—") | U46: 6 | W46: =IFERROR(IF(ISNUMBER(U46),IF(V46="","",V46/U46),"—"),"—") | X46: 6 | Z46: =IFERROR(IF(ISNUMBER(X46),IF(Y46="","",Y46/X46),"—"),"—") | AA46: 7 | AC46: =IFERROR(IF(ISNUMBER(AA46),IF(AB46="","",AB46/AA46),"—"),"—") | AD46: 7 | AF46: =IFERROR(IF(ISNUMBER(AD46),IF(AE46="","",AE46/AD46),"—"),"—") | AG46: 7 | AI46: =IFERROR(IF(ISNUMBER(AG46),IF(AH46="","",AH46/AG46),"—"),"—") | AJ46: 8 | AL46: =IFERROR(IF(ISNUMBER(AJ46),IF(AK46="","",AK46/AJ46),"—"),"—")
B47: SQL, шт. | C47: 1 | E47: =IFERROR(IF(ISNUMBER(C47),IF(D47="","",D47/C47),"—"),"—") | F47: 1 | H47: =IFERROR(IF(ISNUMBER(F47),IF(G47="","",G47/F47),"—"),"—") | I47: 1 | K47: =IFERROR(IF(ISNUMBER(I47),IF(J47="","",J47/I47),"—"),"—") | L47: 1 | N47: =IFERROR(IF(ISNUMBER(L47),IF(M47="","",M47/L47),"—"),"—") | O47: 1 | Q47: =IFERROR(IF(ISNUMBER(O47),IF(P47="","",P47/O47),"—"),"—") | R47: 1 | T47: =IFERROR(IF(ISNUMBER(R47),IF(S47="","",S47/R47),"—"),"—") | U47: 1 | W47: =IFERROR(IF(ISNUMBER(U47),IF(V47="","",V47/U47),"—"),"—") | X47: 1 | Z47: =IFERROR(IF(ISNUMBER(X47),IF(Y47="","",Y47/X47),"—"),"—") | AA47: 1 | AC47: =IFERROR(IF(ISNUMBER(AA47),IF(AB47="","",AB47/AA47),"—"),"—") | AD47: 2 | AF47: =IFERROR(IF(ISNUMBER(AD47),IF(AE47="","",AE47/AD47),"—"),"—") | AG47: 2 | AI47: =IFERROR(IF(ISNUMBER(AG47),IF(AH47="","",AH47/AG47),"—"),"—") | AJ47: 2 | AL47: =IFERROR(IF(ISNUMBER(AJ47),IF(AK47="","",AK47/AJ47),"—"),"—")
B48: ✅ Клієнти (контракт), шт. | C48: 0 | E48: =IFERROR(IF(ISNUMBER(C48),IF(D48="","",D48/C48),"—"),"—") | F48: 0 | H48: =IFERROR(IF(ISNUMBER(F48),IF(G48="","",G48/F48),"—"),"—") | I48: 0 | K48: =IFERROR(IF(ISNUMBER(I48),IF(J48="","",J48/I48),"—"),"—") | L48: 0 | N48: =IFERROR(IF(ISNUMBER(L48),IF(M48="","",M48/L48),"—"),"—") | O48: 0 | Q48: =IFERROR(IF(ISNUMBER(O48),IF(P48="","",P48/O48),"—"),"—") | R48: 0 | T48: =IFERROR(IF(ISNUMBER(R48),IF(S48="","",S48/R48),"—"),"—") | U48: 0 | W48: =IFERROR(IF(ISNUMBER(U48),IF(V48="","",V48/U48),"—"),"—") | X48: 0 | Z48: =IFERROR(IF(ISNUMBER(X48),IF(Y48="","",Y48/X48),"—"),"—") | AA48: 1 | AC48: =IFERROR(IF(ISNUMBER(AA48),IF(AB48="","",AB48/AA48),"—"),"—") | AD48: 1 | AF48: =IFERROR(IF(ISNUMBER(AD48),IF(AE48="","",AE48/AD48),"—"),"—") | AG48: 1 | AI48: =IFERROR(IF(ISNUMBER(AG48),IF(AH48="","",AH48/AG48),"—"),"—") | AJ48: 1 | AL48: =IFERROR(IF(ISNUMBER(AJ48),IF(AK48="","",AK48/AJ48),"—"),"—")
A49: 🌿 Органіка / Сайт | B49: Ліди (заявки), шт. | C49: 15 | D49: 53 | E49: =IFERROR(IF(ISNUMBER(C49),IF(D49="","",D49/C49),"—"),"—") -> 3.5333333 | F49: 17 | H49: =IFERROR(IF(ISNUMBER(F49),IF(G49="","",G49/F49),"—"),"—") | I49: 18 | K49: =IFERROR(IF(ISNUMBER(I49),IF(J49="","",J49/I49),"—"),"—") | L49: 18 | N49: =IFERROR(IF(ISNUMBER(L49),IF(M49="","",M49/L49),"—"),"—") | O49: 19 | Q49: =IFERROR(IF(ISNUMBER(O49),IF(P49="","",P49/O49),"—"),"—") | R49: 20 | T49: =IFERROR(IF(ISNUMBER(R49),IF(S49="","",S49/R49),"—"),"—") | U49: 20 | W49: =IFERROR(IF(ISNUMBER(U49),IF(V49="","",V49/U49),"—"),"—") | X49: 21 | Z49: =IFERROR(IF(ISNUMBER(X49),IF(Y49="","",Y49/X49),"—"),"—") | AA49: 22 | AC49: =IFERROR(IF(ISNUMBER(AA49),IF(AB49="","",AB49/AA49),"—"),"—") | AD49: 22 | AF49: =IFERROR(IF(ISNUMBER(AD49),IF(AE49="","",AE49/AD49),"—"),"—") | AG49: 23 | AI49: =IFERROR(IF(ISNUMBER(AG49),IF(AH49="","",AH49/AG49),"—"),"—") | AJ49: 24 | AL49: =IFERROR(IF(ISNUMBER(AJ49),IF(AK49="","",AK49/AJ49),"—"),"—")
B50: MQL, шт. | C50: 8 | D50: 27 | E50: =IFERROR(IF(ISNUMBER(C50),IF(D50="","",D50/C50),"—"),"—") -> 3.375 | F50: 9 | H50: =IFERROR(IF(ISNUMBER(F50),IF(G50="","",G50/F50),"—"),"—") | I50: 10 | K50: =IFERROR(IF(ISNUMBER(I50),IF(J50="","",J50/I50),"—"),"—") | L50: 10 | N50: =IFERROR(IF(ISNUMBER(L50),IF(M50="","",M50/L50),"—"),"—") | O50: 10 | Q50: =IFERROR(IF(ISNUMBER(O50),IF(P50="","",P50/O50),"—"),"—") | R50: 11 | T50: =IFERROR(IF(ISNUMBER(R50),IF(S50="","",S50/R50),"—"),"—") | U50: 11 | W50: =IFERROR(IF(ISNUMBER(U50),IF(V50="","",V50/U50),"—"),"—") | X50: 12 | Z50: =IFERROR(IF(ISNUMBER(X50),IF(Y50="","",Y50/X50),"—"),"—") | AA50: 13 | AC50: =IFERROR(IF(ISNUMBER(AA50),IF(AB50="","",AB50/AA50),"—"),"—") | AD50: 13 | AF50: =IFERROR(IF(ISNUMBER(AD50),IF(AE50="","",AE50/AD50),"—"),"—") | AG50: 14 | AI50: =IFERROR(IF(ISNUMBER(AG50),IF(AH50="","",AH50/AG50),"—"),"—") | AJ50: 15 | AL50: =IFERROR(IF(ISNUMBER(AJ50),IF(AK50="","",AK50/AJ50),"—"),"—")
B51: SQL, шт. | C51: 2 | D51: 13 | E51: =IFERROR(IF(ISNUMBER(C51),IF(D51="","",D51/C51),"—"),"—") -> 6.5 | F51: 2 | H51: =IFERROR(IF(ISNUMBER(F51),IF(G51="","",G51/F51),"—"),"—") | I51: 2 | K51: =IFERROR(IF(ISNUMBER(I51),IF(J51="","",J51/I51),"—"),"—") | L51: 2 | N51: =IFERROR(IF(ISNUMBER(L51),IF(M51="","",M51/L51),"—"),"—") | O51: 2 | Q51: =IFERROR(IF(ISNUMBER(O51),IF(P51="","",P51/O51),"—"),"—") | R51: 2 | T51: =IFERROR(IF(ISNUMBER(R51),IF(S51="","",S51/R51),"—"),"—") | U51: 2 | W51: =IFERROR(IF(ISNUMBER(U51),IF(V51="","",V51/U51),"—"),"—") | X51: 3 | Z51: =IFERROR(IF(ISNUMBER(X51),IF(Y51="","",Y51/X51),"—"),"—") | AA51: 3 | AC51: =IFERROR(IF(ISNUMBER(AA51),IF(AB51="","",AB51/AA51),"—"),"—") | AD51: 3 | AF51: =IFERROR(IF(ISNUMBER(AD51),IF(AE51="","",AE51/AD51),"—"),"—") | AG51: 3 | AI51: =IFERROR(IF(ISNUMBER(AG51),IF(AH51="","",AH51/AG51),"—"),"—") | AJ51: 3 | AL51: =IFERROR(IF(ISNUMBER(AJ51),IF(AK51="","",AK51/AJ51),"—"),"—")
B52: ✅ Клієнти (контракт), шт. | C52: 0 | E52: =IFERROR(IF(ISNUMBER(C52),IF(D52="","",D52/C52),"—"),"—") | F52: 1 | H52: =IFERROR(IF(ISNUMBER(F52),IF(G52="","",G52/F52),"—"),"—") | I52: 1 | K52: =IFERROR(IF(ISNUMBER(I52),IF(J52="","",J52/I52),"—"),"—") | L52: 1 | N52: =IFERROR(IF(ISNUMBER(L52),IF(M52="","",M52/L52),"—"),"—") | O52: 1 | Q52: =IFERROR(IF(ISNUMBER(O52),IF(P52="","",P52/O52),"—"),"—") | R52: 1 | T52: =IFERROR(IF(ISNUMBER(R52),IF(S52="","",S52/R52),"—"),"—") | U52: 1 | W52: =IFERROR(IF(ISNUMBER(U52),IF(V52="","",V52/U52),"—"),"—") | X52: 1 | Z52: =IFERROR(IF(ISNUMBER(X52),IF(Y52="","",Y52/X52),"—"),"—") | AA52: 1 | AC52: =IFERROR(IF(ISNUMBER(AA52),IF(AB52="","",AB52/AA52),"—"),"—") | AD52: 1 | AF52: =IFERROR(IF(ISNUMBER(AD52),IF(AE52="","",AE52/AD52),"—"),"—") | AG52: 1 | AI52: =IFERROR(IF(ISNUMBER(AG52),IF(AH52="","",AH52/AG52),"—"),"—") | AJ52: 1 | AL52: =IFERROR(IF(ISNUMBER(AJ52),IF(AK52="","",AK52/AJ52),"—"),"—")
A53: ✍️ Блог / SEO | B53: Ліди (заявки), шт. | C53: 6 | D53: 13 | E53: =IFERROR(IF(ISNUMBER(C53),IF(D53="","",D53/C53),"—"),"—") -> 2.1666667 | F53: 6 | H53: =IFERROR(IF(ISNUMBER(F53),IF(G53="","",G53/F53),"—"),"—") | I53: 7 | K53: =IFERROR(IF(ISNUMBER(I53),IF(J53="","",J53/I53),"—"),"—") | L53: 7 | N53: =IFERROR(IF(ISNUMBER(L53),IF(M53="","",M53/L53),"—"),"—") | O53: 7 | Q53: =IFERROR(IF(ISNUMBER(O53),IF(P53="","",P53/O53),"—"),"—") | R53: 8 | T53: =IFERROR(IF(ISNUMBER(R53),IF(S53="","",S53/R53),"—"),"—") | U53: 8 | W53: =IFERROR(IF(ISNUMBER(U53),IF(V53="","",V53/U53),"—"),"—") | X53: 8 | Z53: =IFERROR(IF(ISNUMBER(X53),IF(Y53="","",Y53/X53),"—"),"—") | AA53: 8 | AC53: =IFERROR(IF(ISNUMBER(AA53),IF(AB53="","",AB53/AA53),"—"),"—") | AD53: 8 | AF53: =IFERROR(IF(ISNUMBER(AD53),IF(AE53="","",AE53/AD53),"—"),"—") | AG53: 9 | AI53: =IFERROR(IF(ISNUMBER(AG53),IF(AH53="","",AH53/AG53),"—"),"—") | AJ53: 9 | AL53: =IFERROR(IF(ISNUMBER(AJ53),IF(AK53="","",AK53/AJ53),"—"),"—")
A54: MQL, шт. | C54: 3 | D54: 9 | E54: =IFERROR(IF(ISNUMBER(C54),IF(D54="","",D54/C54),"—"),"—") -> 3 | F54: 3 | H54: =IFERROR(IF(ISNUMBER(F54),IF(G54="","",G54/F54),"—"),"—") | I54: 4 | K54: =IFERROR(IF(ISNUMBER(I54),IF(J54="","",J54/I54),"—"),"—") | L54: 4 | N54: =IFERROR(IF(ISNUMBER(L54),IF(M54="","",M54/L54),"—"),"—") | O54: 4 | Q54: =IFERROR(IF(ISNUMBER(O54),IF(P54="","",P54/O54),"—"),"—") | R54: 4 | T54: =IFERROR(IF(ISNUMBER(R54),IF(S54="","",S54/R54),"—"),"—") | U54: 4 | W54: =IFERROR(IF(ISNUMBER(U54),IF(V54="","",V54/U54),"—"),"—") | X54: 5 | Z54: =IFERROR(IF(ISNUMBER(X54),IF(Y54="","",Y54/X54),"—"),"—") | AA54: 5 | AC54: =IFERROR(IF(ISNUMBER(AA54),IF(AB54="","",AB54/AA54),"—"),"—") | AD54: 5 | AF54: =IFERROR(IF(ISNUMBER(AD54),IF(AE54="","",AE54/AD54),"—"),"—") | AG54: 5 | AI54: =IFERROR(IF(ISNUMBER(AG54),IF(AH54="","",AH54/AG54),"—"),"—") | AJ54: 6 | AL54: =IFERROR(IF(ISNUMBER(AJ54),IF(AK54="","",AK54/AJ54),"—"),"—")
B55: SQL, шт. | C55: 1 | E55: =IFERROR(IF(ISNUMBER(C55),IF(D55="","",D55/C55),"—"),"—") | F55: 1 | H55: =IFERROR(IF(ISNUMBER(F55),IF(G55="","",G55/F55),"—"),"—") | I55: 1 | K55: =IFERROR(IF(ISNUMBER(I55),IF(J55="","",J55/I55),"—"),"—") | L55: 1 | N55: =IFERROR(IF(ISNUMBER(L55),IF(M55="","",M55/L55),"—"),"—") | O55: 1 | Q55: =IFERROR(IF(ISNUMBER(O55),IF(P55="","",P55/O55),"—"),"—") | R55: 1 | T55: =IFERROR(IF(ISNUMBER(R55),IF(S55="","",S55/R55),"—"),"—") | U55: 1 | W55: =IFERROR(IF(ISNUMBER(U55),IF(V55="","",V55/U55),"—"),"—") | X55: 1 | Z55: =IFERROR(IF(ISNUMBER(X55),IF(Y55="","",Y55/X55),"—"),"—") | AA55: 1 | AC55: =IFERROR(IF(ISNUMBER(AA55),IF(AB55="","",AB55/AA55),"—"),"—") | AD55: 1 | AF55: =IFERROR(IF(ISNUMBER(AD55),IF(AE55="","",AE55/AD55),"—"),"—") | AG55: 1 | AI55: =IFERROR(IF(ISNUMBER(AG55),IF(AH55="","",AH55/AG55),"—"),"—") | AJ55: 1 | AL55: =IFERROR(IF(ISNUMBER(AJ55),IF(AK55="","",AK55/AJ55),"—"),"—")
B56: ✅ Клієнти (контракт), шт. | C56: 0 | E56: =IFERROR(IF(ISNUMBER(C56),IF(D56="","",D56/C56),"—"),"—") | F56: 0 | H56: =IFERROR(IF(ISNUMBER(F56),IF(G56="","",G56/F56),"—"),"—") | I56: 0 | K56: =IFERROR(IF(ISNUMBER(I56),IF(J56="","",J56/I56),"—"),"—") | L56: 0 | N56: =IFERROR(IF(ISNUMBER(L56),IF(M56="","",M56/L56),"—"),"—") | O56: 0 | Q56: =IFERROR(IF(ISNUMBER(O56),IF(P56="","",P56/O56),"—"),"—") | R56: 0 | T56: =IFERROR(IF(ISNUMBER(R56),IF(S56="","",S56/R56),"—"),"—") | U56: 0 | W56: =IFERROR(IF(ISNUMBER(U56),IF(V56="","",V56/U56),"—"),"—") | X56: 0 | Z56: =IFERROR(IF(ISNUMBER(X56),IF(Y56="","",Y56/X56),"—"),"—") | AA56: 0 | AC56: =IFERROR(IF(ISNUMBER(AA56),IF(AB56="","",AB56/AA56),"—"),"—") | AD56: 0 | AF56: =IFERROR(IF(ISNUMBER(AD56),IF(AE56="","",AE56/AD56),"—"),"—") | AG56: 0 | AI56: =IFERROR(IF(ISNUMBER(AG56),IF(AH56="","",AH56/AG56),"—"),"—") | AJ56: 1 | AL56: =IFERROR(IF(ISNUMBER(AJ56),IF(AK56="","",AK56/AJ56),"—"),"—")
A57: 📧 Email / CRM | B57: Ліди (заявки), шт. | C57: 5 | D57: 1 | E57: =IFERROR(IF(ISNUMBER(C57),IF(D57="","",D57/C57),"—"),"—") -> 0.2 | F57: 5 | H57: =IFERROR(IF(ISNUMBER(F57),IF(G57="","",G57/F57),"—"),"—") | I57: 6 | K57: =IFERROR(IF(ISNUMBER(I57),IF(J57="","",J57/I57),"—"),"—") | L57: 6 | N57: =IFERROR(IF(ISNUMBER(L57),IF(M57="","",M57/L57),"—"),"—") | O57: 6 | Q57: =IFERROR(IF(ISNUMBER(O57),IF(P57="","",P57/O57),"—"),"—") | R57: 6 | T57: =IFERROR(IF(ISNUMBER(R57),IF(S57="","",S57/R57),"—"),"—") | U57: 6 | W57: =IFERROR(IF(ISNUMBER(U57),IF(V57="","",V57/U57),"—"),"—") | X57: 7 | Z57: =IFERROR(IF(ISNUMBER(X57),IF(Y57="","",Y57/X57),"—"),"—") | AA57: 7 | AC57: =IFERROR(IF(ISNUMBER(AA57),IF(AB57="","",AB57/AA57),"—"),"—") | AD57: 7 | AF57: =IFERROR(IF(ISNUMBER(AD57),IF(AE57="","",AE57/AD57),"—"),"—") | AG57: 7 | AI57: =IFERROR(IF(ISNUMBER(AG57),IF(AH57="","",AH57/AG57),"—"),"—") | AJ57: 8 | AL57: =IFERROR(IF(ISNUMBER(AJ57),IF(AK57="","",AK57/AJ57),"—"),"—")
B58: MQL, шт. | C58: 2 | E58: =IFERROR(IF(ISNUMBER(C58),IF(D58="","",D58/C58),"—"),"—") | F58: 3 | H58: =IFERROR(IF(ISNUMBER(F58),IF(G58="","",G58/F58),"—"),"—") | I58: 3 | K58: =IFERROR(IF(ISNUMBER(I58),IF(J58="","",J58/I58),"—"),"—") | L58: 3 | N58: =IFERROR(IF(ISNUMBER(L58),IF(M58="","",M58/L58),"—"),"—") | O58: 3 | Q58: =IFERROR(IF(ISNUMBER(O58),IF(P58="","",P58/O58),"—"),"—") | R58: 4 | T58: =IFERROR(IF(ISNUMBER(R58),IF(S58="","",S58/R58),"—"),"—") | U58: 4 | W58: =IFERROR(IF(ISNUMBER(U58),IF(V58="","",V58/U58),"—"),"—") | X58: 4 | Z58: =IFERROR(IF(ISNUMBER(X58),IF(Y58="","",Y58/X58),"—"),"—") | AA58: 4 | AC58: =IFERROR(IF(ISNUMBER(AA58),IF(AB58="","",AB58/AA58),"—"),"—") | AD58: 4 | AF58: =IFERROR(IF(ISNUMBER(AD58),IF(AE58="","",AE58/AD58),"—"),"—") | AG58: 4 | AI58: =IFERROR(IF(ISNUMBER(AG58),IF(AH58="","",AH58/AG58),"—"),"—") | AJ58: 5 | AL58: =IFERROR(IF(ISNUMBER(AJ58),IF(AK58="","",AK58/AJ58),"—"),"—")
B59: SQL, шт. | C59: 0 | E59: =IFERROR(IF(ISNUMBER(C59),IF(D59="","",D59/C59),"—"),"—") | F59: 1 | H59: =IFERROR(IF(ISNUMBER(F59),IF(G59="","",G59/F59),"—"),"—") | I59: 1 | K59: =IFERROR(IF(ISNUMBER(I59),IF(J59="","",J59/I59),"—"),"—") | L59: 1 | N59: =IFERROR(IF(ISNUMBER(L59),IF(M59="","",M59/L59),"—"),"—") | O59: 1 | Q59: =IFERROR(IF(ISNUMBER(O59),IF(P59="","",P59/O59),"—"),"—") | R59: 1 | T59: =IFERROR(IF(ISNUMBER(R59),IF(S59="","",S59/R59),"—"),"—") | U59: 1 | W59: =IFERROR(IF(ISNUMBER(U59),IF(V59="","",V59/U59),"—"),"—") | X59: 1 | Z59: =IFERROR(IF(ISNUMBER(X59),IF(Y59="","",Y59/X59),"—"),"—") | AA59: 1 | AC59: =IFERROR(IF(ISNUMBER(AA59),IF(AB59="","",AB59/AA59),"—"),"—") | AD59: 1 | AF59: =IFERROR(IF(ISNUMBER(AD59),IF(AE59="","",AE59/AD59),"—"),"—") | AG59: 1 | AI59: =IFERROR(IF(ISNUMBER(AG59),IF(AH59="","",AH59/AG59),"—"),"—") | AJ59: 1 | AL59: =IFERROR(IF(ISNUMBER(AJ59),IF(AK59="","",AK59/AJ59),"—"),"—")
B60: ✅ Клієнти (контракт), шт. | C60: 0 | E60: =IFERROR(IF(ISNUMBER(C60),IF(D60="","",D60/C60),"—"),"—") | F60: 0 | H60: =IFERROR(IF(ISNUMBER(F60),IF(G60="","",G60/F60),"—"),"—") | I60: 0 | K60: =IFERROR(IF(ISNUMBER(I60),IF(J60="","",J60/I60),"—"),"—") | L60: 0 | N60: =IFERROR(IF(ISNUMBER(L60),IF(M60="","",M60/L60),"—"),"—") | O60: 0 | Q60: =IFERROR(IF(ISNUMBER(O60),IF(P60="","",P60/O60),"—"),"—") | R60: 0 | T60: =IFERROR(IF(ISNUMBER(R60),IF(S60="","",S60/R60),"—"),"—") | U60: 0 | W60: =IFERROR(IF(ISNUMBER(U60),IF(V60="","",V60/U60),"—"),"—") | X60: 0 | Z60: =IFERROR(IF(ISNUMBER(X60),IF(Y60="","",Y60/X60),"—"),"—") | AA60: 0 | AC60: =IFERROR(IF(ISNUMBER(AA60),IF(AB60="","",AB60/AA60),"—"),"—") | AD60: 0 | AF60: =IFERROR(IF(ISNUMBER(AD60),IF(AE60="","",AE60/AD60),"—"),"—") | AG60: 0 | AI60: =IFERROR(IF(ISNUMBER(AG60),IF(AH60="","",AH60/AG60),"—"),"—") | AJ60: 0 | AL60: =IFERROR(IF(ISNUMBER(AJ60),IF(AK60="","",AK60/AJ60),"—"),"—")
A61: 📱 SMM / Соцмережі | B61: Ліди (заявки), шт. | C61: 3 | D61: 4 | E61: =IFERROR(IF(ISNUMBER(C61),IF(D61="","",D61/C61),"—"),"—") -> 1.3333333 | F61: 3 | H61: =IFERROR(IF(ISNUMBER(F61),IF(G61="","",G61/F61),"—"),"—") | I61: 3 | K61: =IFERROR(IF(ISNUMBER(I61),IF(J61="","",J61/I61),"—"),"—") | L61: 3 | N61: =IFERROR(IF(ISNUMBER(L61),IF(M61="","",M61/L61),"—"),"—") | O61: 4 | Q61: =IFERROR(IF(ISNUMBER(O61),IF(P61="","",P61/O61),"—"),"—") | R61: 4 | T61: =IFERROR(IF(ISNUMBER(R61),IF(S61="","",S61/R61),"—"),"—") | U61: 4 | W61: =IFERROR(IF(ISNUMBER(U61),IF(V61="","",V61/U61),"—"),"—") | X61: 4 | Z61: =IFERROR(IF(ISNUMBER(X61),IF(Y61="","",Y61/X61),"—"),"—") | AA61: 4 | AC61: =IFERROR(IF(ISNUMBER(AA61),IF(AB61="","",AB61/AA61),"—"),"—") | AD61: 4 | AF61: =IFERROR(IF(ISNUMBER(AD61),IF(AE61="","",AE61/AD61),"—"),"—") | AG61: 4 | AI61: =IFERROR(IF(ISNUMBER(AG61),IF(AH61="","",AH61/AG61),"—"),"—") | AJ61: 4 | AL61: =IFERROR(IF(ISNUMBER(AJ61),IF(AK61="","",AK61/AJ61),"—"),"—")
B62: MQL, шт. | C62: 1 | E62: =IFERROR(IF(ISNUMBER(C62),IF(D62="","",D62/C62),"—"),"—") | F62: 2 | H62: =IFERROR(IF(ISNUMBER(F62),IF(G62="","",G62/F62),"—"),"—") | I62: 2 | K62: =IFERROR(IF(ISNUMBER(I62),IF(J62="","",J62/I62),"—"),"—") | L62: 2 | N62: =IFERROR(IF(ISNUMBER(L62),IF(M62="","",M62/L62),"—"),"—") | O62: 2 | Q62: =IFERROR(IF(ISNUMBER(O62),IF(P62="","",P62/O62),"—"),"—") | R62: 2 | T62: =IFERROR(IF(ISNUMBER(R62),IF(S62="","",S62/R62),"—"),"—") | U62: 2 | W62: =IFERROR(IF(ISNUMBER(U62),IF(V62="","",V62/U62),"—"),"—") | X62: 2 | Z62: =IFERROR(IF(ISNUMBER(X62),IF(Y62="","",Y62/X62),"—"),"—") | AA62: 3 | AC62: =IFERROR(IF(ISNUMBER(AA62),IF(AB62="","",AB62/AA62),"—"),"—") | AD62: 3 | AF62: =IFERROR(IF(ISNUMBER(AD62),IF(AE62="","",AE62/AD62),"—"),"—") | AG62: 3 | AI62: =IFERROR(IF(ISNUMBER(AG62),IF(AH62="","",AH62/AG62),"—"),"—") | AJ62: 3 | AL62: =IFERROR(IF(ISNUMBER(AJ62),IF(AK62="","",AK62/AJ62),"—"),"—")
B63: SQL, шт. | C63: 0 | E63: =IFERROR(IF(ISNUMBER(C63),IF(D63="","",D63/C63),"—"),"—") | F63: 0 | H63: =IFERROR(IF(ISNUMBER(F63),IF(G63="","",G63/F63),"—"),"—") | I63: 0 | K63: =IFERROR(IF(ISNUMBER(I63),IF(J63="","",J63/I63),"—"),"—") | L63: 0 | N63: =IFERROR(IF(ISNUMBER(L63),IF(M63="","",M63/L63),"—"),"—") | O63: 0 | Q63: =IFERROR(IF(ISNUMBER(O63),IF(P63="","",P63/O63),"—"),"—") | R63: 0 | T63: =IFERROR(IF(ISNUMBER(R63),IF(S63="","",S63/R63),"—"),"—") | U63: 0 | W63: =IFERROR(IF(ISNUMBER(U63),IF(V63="","",V63/U63),"—"),"—") | X63: 1 | Z63: =IFERROR(IF(ISNUMBER(X63),IF(Y63="","",Y63/X63),"—"),"—") | AA63: 1 | AC63: =IFERROR(IF(ISNUMBER(AA63),IF(AB63="","",AB63/AA63),"—"),"—") | AD63: 1 | AF63: =IFERROR(IF(ISNUMBER(AD63),IF(AE63="","",AE63/AD63),"—"),"—") | AG63: 1 | AI63: =IFERROR(IF(ISNUMBER(AG63),IF(AH63="","",AH63/AG63),"—"),"—") | AJ63: 1 | AL63: =IFERROR(IF(ISNUMBER(AJ63),IF(AK63="","",AK63/AJ63),"—"),"—")
B64: ✅ Клієнти (контракт), шт. | C64: 0 | E64: =IFERROR(IF(ISNUMBER(C64),IF(D64="","",D64/C64),"—"),"—") | F64: 0 | H64: =IFERROR(IF(ISNUMBER(F64),IF(G64="","",G64/F64),"—"),"—") | I64: 0 | K64: =IFERROR(IF(ISNUMBER(I64),IF(J64="","",J64/I64),"—"),"—") | L64: 0 | N64: =IFERROR(IF(ISNUMBER(L64),IF(M64="","",M64/L64),"—"),"—") | O64: 0 | Q64: =IFERROR(IF(ISNUMBER(O64),IF(P64="","",P64/O64),"—"),"—") | R64: 0 | T64: =IFERROR(IF(ISNUMBER(R64),IF(S64="","",S64/R64),"—"),"—") | U64: 0 | W64: =IFERROR(IF(ISNUMBER(U64),IF(V64="","",V64/U64),"—"),"—") | X64: 0 | Z64: =IFERROR(IF(ISNUMBER(X64),IF(Y64="","",Y64/X64),"—"),"—") | AA64: 0 | AC64: =IFERROR(IF(ISNUMBER(AA64),IF(AB64="","",AB64/AA64),"—"),"—") | AD64: 0 | AF64: =IFERROR(IF(ISNUMBER(AD64),IF(AE64="","",AE64/AD64),"—"),"—") | AG64: 0 | AI64: =IFERROR(IF(ISNUMBER(AG64),IF(AH64="","",AH64/AG64),"—"),"—") | AJ64: 0 | AL64: =IFERROR(IF(ISNUMBER(AJ64),IF(AK64="","",AK64/AJ64),"—"),"—")
A65: 🎤 Influencer / UGC | B65: Ліди (заявки), шт. | C65: 5 | D65: 0 | E65: =IFERROR(IF(ISNUMBER(C65),IF(D65="","",D65/C65),"—"),"—") -> 0 | F65: 5 | H65: =IFERROR(IF(ISNUMBER(F65),IF(G65="","",G65/F65),"—"),"—") | I65: 6 | K65: =IFERROR(IF(ISNUMBER(I65),IF(J65="","",J65/I65),"—"),"—") | L65: 6 | N65: =IFERROR(IF(ISNUMBER(L65),IF(M65="","",M65/L65),"—"),"—") | O65: 6 | Q65: =IFERROR(IF(ISNUMBER(O65),IF(P65="","",P65/O65),"—"),"—") | R65: 6 | T65: =IFERROR(IF(ISNUMBER(R65),IF(S65="","",S65/R65),"—"),"—") | U65: 6 | W65: =IFERROR(IF(ISNUMBER(U65),IF(V65="","",V65/U65),"—"),"—") | X65: 7 | Z65: =IFERROR(IF(ISNUMBER(X65),IF(Y65="","",Y65/X65),"—"),"—") | AA65: 7 | AC65: =IFERROR(IF(ISNUMBER(AA65),IF(AB65="","",AB65/AA65),"—"),"—") | AD65: 7 | AF65: =IFERROR(IF(ISNUMBER(AD65),IF(AE65="","",AE65/AD65),"—"),"—") | AG65: 7 | AI65: =IFERROR(IF(ISNUMBER(AG65),IF(AH65="","",AH65/AG65),"—"),"—") | AJ65: 8 | AL65: =IFERROR(IF(ISNUMBER(AJ65),IF(AK65="","",AK65/AJ65),"—"),"—")
B66: MQL, шт. | C66: 2 | E66: =IFERROR(IF(ISNUMBER(C66),IF(D66="","",D66/C66),"—"),"—") | F66: 3 | H66: =IFERROR(IF(ISNUMBER(F66),IF(G66="","",G66/F66),"—"),"—") | I66: 3 | K66: =IFERROR(IF(ISNUMBER(I66),IF(J66="","",J66/I66),"—"),"—") | L66: 3 | N66: =IFERROR(IF(ISNUMBER(L66),IF(M66="","",M66/L66),"—"),"—") | O66: 3 | Q66: =IFERROR(IF(ISNUMBER(O66),IF(P66="","",P66/O66),"—"),"—") | R66: 4 | T66: =IFERROR(IF(ISNUMBER(R66),IF(S66="","",S66/R66),"—"),"—") | U66: 4 | W66: =IFERROR(IF(ISNUMBER(U66),IF(V66="","",V66/U66),"—"),"—") | X66: 4 | Z66: =IFERROR(IF(ISNUMBER(X66),IF(Y66="","",Y66/X66),"—"),"—") | AA66: 4 | AC66: =IFERROR(IF(ISNUMBER(AA66),IF(AB66="","",AB66/AA66),"—"),"—") | AD66: 4 | AF66: =IFERROR(IF(ISNUMBER(AD66),IF(AE66="","",AE66/AD66),"—"),"—") | AG66: 4 | AI66: =IFERROR(IF(ISNUMBER(AG66),IF(AH66="","",AH66/AG66),"—"),"—") | AJ66: 5 | AL66: =IFERROR(IF(ISNUMBER(AJ66),IF(AK66="","",AK66/AJ66),"—"),"—")
B67: SQL, шт. | C67: 0 | E67: =IFERROR(IF(ISNUMBER(C67),IF(D67="","",D67/C67),"—"),"—") | F67: 1 | H67: =IFERROR(IF(ISNUMBER(F67),IF(G67="","",G67/F67),"—"),"—") | I67: 1 | K67: =IFERROR(IF(ISNUMBER(I67),IF(J67="","",J67/I67),"—"),"—") | L67: 1 | N67: =IFERROR(IF(ISNUMBER(L67),IF(M67="","",M67/L67),"—"),"—") | O67: 1 | Q67: =IFERROR(IF(ISNUMBER(O67),IF(P67="","",P67/O67),"—"),"—") | R67: 1 | T67: =IFERROR(IF(ISNUMBER(R67),IF(S67="","",S67/R67),"—"),"—") | U67: 1 | W67: =IFERROR(IF(ISNUMBER(U67),IF(V67="","",V67/U67),"—"),"—") | X67: 1 | Z67: =IFERROR(IF(ISNUMBER(X67),IF(Y67="","",Y67/X67),"—"),"—") | AA67: 1 | AC67: =IFERROR(IF(ISNUMBER(AA67),IF(AB67="","",AB67/AA67),"—"),"—") | AD67: 1 | AF67: =IFERROR(IF(ISNUMBER(AD67),IF(AE67="","",AE67/AD67),"—"),"—") | AG67: 1 | AI67: =IFERROR(IF(ISNUMBER(AG67),IF(AH67="","",AH67/AG67),"—"),"—") | AJ67: 1 | AL67: =IFERROR(IF(ISNUMBER(AJ67),IF(AK67="","",AK67/AJ67),"—"),"—")
B68: ✅ Клієнти (контракт), шт. | C68: 0 | E68: =IFERROR(IF(ISNUMBER(C68),IF(D68="","",D68/C68),"—"),"—") | F68: 0 | H68: =IFERROR(IF(ISNUMBER(F68),IF(G68="","",G68/F68),"—"),"—") | I68: 0 | K68: =IFERROR(IF(ISNUMBER(I68),IF(J68="","",J68/I68),"—"),"—") | L68: 0 | N68: =IFERROR(IF(ISNUMBER(L68),IF(M68="","",M68/L68),"—"),"—") | O68: 0 | Q68: =IFERROR(IF(ISNUMBER(O68),IF(P68="","",P68/O68),"—"),"—") | R68: 0 | T68: =IFERROR(IF(ISNUMBER(R68),IF(S68="","",S68/R68),"—"),"—") | U68: 0 | W68: =IFERROR(IF(ISNUMBER(U68),IF(V68="","",V68/U68),"—"),"—") | X68: 0 | Z68: =IFERROR(IF(ISNUMBER(X68),IF(Y68="","",Y68/X68),"—"),"—") | AA68: 0 | AC68: =IFERROR(IF(ISNUMBER(AA68),IF(AB68="","",AB68/AA68),"—"),"—") | AD68: 0 | AF68: =IFERROR(IF(ISNUMBER(AD68),IF(AE68="","",AE68/AD68),"—"),"—") | AG68: 0 | AI68: =IFERROR(IF(ISNUMBER(AG68),IF(AH68="","",AH68/AG68),"—"),"—") | AJ68: 0 | AL68: =IFERROR(IF(ISNUMBER(AJ68),IF(AK68="","",AK68/AJ68),"—"),"—")
A69: 🎪 Events / Offline | B69: Ліди (заявки), шт. | C69: 3 | D69: 0 | E69: =IFERROR(IF(ISNUMBER(C69),IF(D69="","",D69/C69),"—"),"—") -> 0 | F69: 3 | H69: =IFERROR(IF(ISNUMBER(F69),IF(G69="","",G69/F69),"—"),"—") | I69: 3 | K69: =IFERROR(IF(ISNUMBER(I69),IF(J69="","",J69/I69),"—"),"—") | L69: 3 | N69: =IFERROR(IF(ISNUMBER(L69),IF(M69="","",M69/L69),"—"),"—") | O69: 4 | Q69: =IFERROR(IF(ISNUMBER(O69),IF(P69="","",P69/O69),"—"),"—") | R69: 4 | T69: =IFERROR(IF(ISNUMBER(R69),IF(S69="","",S69/R69),"—"),"—") | U69: 4 | W69: =IFERROR(IF(ISNUMBER(U69),IF(V69="","",V69/U69),"—"),"—") | X69: 4 | Z69: =IFERROR(IF(ISNUMBER(X69),IF(Y69="","",Y69/X69),"—"),"—") | AA69: 4 | AC69: =IFERROR(IF(ISNUMBER(AA69),IF(AB69="","",AB69/AA69),"—"),"—") | AD69: 4 | AF69: =IFERROR(IF(ISNUMBER(AD69),IF(AE69="","",AE69/AD69),"—"),"—") | AG69: 4 | AI69: =IFERROR(IF(ISNUMBER(AG69),IF(AH69="","",AH69/AG69),"—"),"—") | AJ69: 4 | AL69: =IFERROR(IF(ISNUMBER(AJ69),IF(AK69="","",AK69/AJ69),"—"),"—")
B70: MQL, шт. | C70: 1 | E70: =IFERROR(IF(ISNUMBER(C70),IF(D70="","",D70/C70),"—"),"—") | F70: 2 | H70: =IFERROR(IF(ISNUMBER(F70),IF(G70="","",G70/F70),"—"),"—") | I70: 2 | K70: =IFERROR(IF(ISNUMBER(I70),IF(J70="","",J70/I70),"—"),"—") | L70: 2 | N70: =IFERROR(IF(ISNUMBER(L70),IF(M70="","",M70/L70),"—"),"—") | O70: 2 | Q70: =IFERROR(IF(ISNUMBER(O70),IF(P70="","",P70/O70),"—"),"—") | R70: 2 | T70: =IFERROR(IF(ISNUMBER(R70),IF(S70="","",S70/R70),"—"),"—") | U70: 2 | W70: =IFERROR(IF(ISNUMBER(U70),IF(V70="","",V70/U70),"—"),"—") | X70: 2 | Z70: =IFERROR(IF(ISNUMBER(X70),IF(Y70="","",Y70/X70),"—"),"—") | AA70: 3 | AC70: =IFERROR(IF(ISNUMBER(AA70),IF(AB70="","",AB70/AA70),"—"),"—") | AD70: 3 | AF70: =IFERROR(IF(ISNUMBER(AD70),IF(AE70="","",AE70/AD70),"—"),"—") | AG70: 3 | AI70: =IFERROR(IF(ISNUMBER(AG70),IF(AH70="","",AH70/AG70),"—"),"—") | AJ70: 3 | AL70: =IFERROR(IF(ISNUMBER(AJ70),IF(AK70="","",AK70/AJ70),"—"),"—")
B71: SQL, шт. | C71: 0 | E71: =IFERROR(IF(ISNUMBER(C71),IF(D71="","",D71/C71),"—"),"—") | F71: 0 | H71: =IFERROR(IF(ISNUMBER(F71),IF(G71="","",G71/F71),"—"),"—") | I71: 0 | K71: =IFERROR(IF(ISNUMBER(I71),IF(J71="","",J71/I71),"—"),"—") | L71: 0 | N71: =IFERROR(IF(ISNUMBER(L71),IF(M71="","",M71/L71),"—"),"—") | O71: 0 | Q71: =IFERROR(IF(ISNUMBER(O71),IF(P71="","",P71/O71),"—"),"—") | R71: 0 | T71: =IFERROR(IF(ISNUMBER(R71),IF(S71="","",S71/R71),"—"),"—") | U71: 0 | W71: =IFERROR(IF(ISNUMBER(U71),IF(V71="","",V71/U71),"—"),"—") | X71: 1 | Z71: =IFERROR(IF(ISNUMBER(X71),IF(Y71="","",Y71/X71),"—"),"—") | AA71: 1 | AC71: =IFERROR(IF(ISNUMBER(AA71),IF(AB71="","",AB71/AA71),"—"),"—") | AD71: 1 | AF71: =IFERROR(IF(ISNUMBER(AD71),IF(AE71="","",AE71/AD71),"—"),"—") | AG71: 1 | AI71: =IFERROR(IF(ISNUMBER(AG71),IF(AH71="","",AH71/AG71),"—"),"—") | AJ71: 1 | AL71: =IFERROR(IF(ISNUMBER(AJ71),IF(AK71="","",AK71/AJ71),"—"),"—")
B72: ✅ Клієнти (контракт), шт. | C72: 0 | E72: =IFERROR(IF(ISNUMBER(C72),IF(D72="","",D72/C72),"—"),"—") | F72: 0 | H72: =IFERROR(IF(ISNUMBER(F72),IF(G72="","",G72/F72),"—"),"—") | I72: 0 | K72: =IFERROR(IF(ISNUMBER(I72),IF(J72="","",J72/I72),"—"),"—") | L72: 0 | N72: =IFERROR(IF(ISNUMBER(L72),IF(M72="","",M72/L72),"—"),"—") | O72: 0 | Q72: =IFERROR(IF(ISNUMBER(O72),IF(P72="","",P72/O72),"—"),"—") | R72: 0 | T72: =IFERROR(IF(ISNUMBER(R72),IF(S72="","",S72/R72),"—"),"—") | U72: 0 | W72: =IFERROR(IF(ISNUMBER(U72),IF(V72="","",V72/U72),"—"),"—") | X72: 0 | Z72: =IFERROR(IF(ISNUMBER(X72),IF(Y72="","",Y72/X72),"—"),"—") | AA72: 0 | AC72: =IFERROR(IF(ISNUMBER(AA72),IF(AB72="","",AB72/AA72),"—"),"—") | AD72: 0 | AF72: =IFERROR(IF(ISNUMBER(AD72),IF(AE72="","",AE72/AD72),"—"),"—") | AG72: 0 | AI72: =IFERROR(IF(ISNUMBER(AG72),IF(AH72="","",AH72/AG72),"—"),"—") | AJ72: 0 | AL72: =IFERROR(IF(ISNUMBER(AJ72),IF(AK72="","",AK72/AJ72),"—"),"—")
A73: 🔗 Direct / Referral | B73: Ліди (заявки), шт. | C73: 10 | D73: 0 | E73: =IFERROR(IF(ISNUMBER(C73),IF(D73="","",D73/C73),"—"),"—") -> 0 | F73: 11 | H73: =IFERROR(IF(ISNUMBER(F73),IF(G73="","",G73/F73),"—"),"—") | I73: 12 | K73: =IFERROR(IF(ISNUMBER(I73),IF(J73="","",J73/I73),"—"),"—") | L73: 12 | N73: =IFERROR(IF(ISNUMBER(L73),IF(M73="","",M73/L73),"—"),"—") | O73: 13 | Q73: =IFERROR(IF(ISNUMBER(O73),IF(P73="","",P73/O73),"—"),"—") | R73: 14 | T73: =IFERROR(IF(ISNUMBER(R73),IF(S73="","",S73/R73),"—"),"—") | U73: 14 | W73: =IFERROR(IF(ISNUMBER(U73),IF(V73="","",V73/U73),"—"),"—") | X73: 14 | Z73: =IFERROR(IF(ISNUMBER(X73),IF(Y73="","",Y73/X73),"—"),"—") | AA73: 15 | AC73: =IFERROR(IF(ISNUMBER(AA73),IF(AB73="","",AB73/AA73),"—"),"—") | AD73: 15 | AF73: =IFERROR(IF(ISNUMBER(AD73),IF(AE73="","",AE73/AD73),"—"),"—") | AG73: 16 | AI73: =IFERROR(IF(ISNUMBER(AG73),IF(AH73="","",AH73/AG73),"—"),"—") | AJ73: 16 | AL73: =IFERROR(IF(ISNUMBER(AJ73),IF(AK73="","",AK73/AJ73),"—"),"—")
B74: MQL, шт. | C74: 5 | E74: =IFERROR(IF(ISNUMBER(C74),IF(D74="","",D74/C74),"—"),"—") | F74: 6 | H74: =IFERROR(IF(ISNUMBER(F74),IF(G74="","",G74/F74),"—"),"—") | I74: 6 | K74: =IFERROR(IF(ISNUMBER(I74),IF(J74="","",J74/I74),"—"),"—") | L74: 6 | N74: =IFERROR(IF(ISNUMBER(L74),IF(M74="","",M74/L74),"—"),"—") | O74: 7 | Q74: =IFERROR(IF(ISNUMBER(O74),IF(P74="","",P74/O74),"—"),"—") | R74: 8 | T74: =IFERROR(IF(ISNUMBER(R74),IF(S74="","",S74/R74),"—"),"—") | U74: 8 | W74: =IFERROR(IF(ISNUMBER(U74),IF(V74="","",V74/U74),"—"),"—") | X74: 8 | Z74: =IFERROR(IF(ISNUMBER(X74),IF(Y74="","",Y74/X74),"—"),"—") | AA74: 9 | AC74: =IFERROR(IF(ISNUMBER(AA74),IF(AB74="","",AB74/AA74),"—"),"—") | AD74: 9 | AF74: =IFERROR(IF(ISNUMBER(AD74),IF(AE74="","",AE74/AD74),"—"),"—") | AG74: 10 | AI74: =IFERROR(IF(ISNUMBER(AG74),IF(AH74="","",AH74/AG74),"—"),"—") | AJ74: 10 | AL74: =IFERROR(IF(ISNUMBER(AJ74),IF(AK74="","",AK74/AJ74),"—"),"—")
B75: SQL, шт. | C75: 1 | E75: =IFERROR(IF(ISNUMBER(C75),IF(D75="","",D75/C75),"—"),"—") | F75: 1 | H75: =IFERROR(IF(ISNUMBER(F75),IF(G75="","",G75/F75),"—"),"—") | I75: 1 | K75: =IFERROR(IF(ISNUMBER(I75),IF(J75="","",J75/I75),"—"),"—") | L75: 1 | N75: =IFERROR(IF(ISNUMBER(L75),IF(M75="","",M75/L75),"—"),"—") | O75: 2 | Q75: =IFERROR(IF(ISNUMBER(O75),IF(P75="","",P75/O75),"—"),"—") | R75: 2 | T75: =IFERROR(IF(ISNUMBER(R75),IF(S75="","",S75/R75),"—"),"—") | U75: 2 | W75: =IFERROR(IF(ISNUMBER(U75),IF(V75="","",V75/U75),"—"),"—") | X75: 2 | Z75: =IFERROR(IF(ISNUMBER(X75),IF(Y75="","",Y75/X75),"—"),"—") | AA75: 2 | AC75: =IFERROR(IF(ISNUMBER(AA75),IF(AB75="","",AB75/AA75),"—"),"—") | AD75: 2 | AF75: =IFERROR(IF(ISNUMBER(AD75),IF(AE75="","",AE75/AD75),"—"),"—") | AG75: 2 | AI75: =IFERROR(IF(ISNUMBER(AG75),IF(AH75="","",AH75/AG75),"—"),"—") | AJ75: 2 | AL75: =IFERROR(IF(ISNUMBER(AJ75),IF(AK75="","",AK75/AJ75),"—"),"—")
B76: ✅ Клієнти (контракт), шт. | C76: 0 | E76: =IFERROR(IF(ISNUMBER(C76),IF(D76="","",D76/C76),"—"),"—") | F76: 0 | H76: =IFERROR(IF(ISNUMBER(F76),IF(G76="","",G76/F76),"—"),"—") | I76: 0 | K76: =IFERROR(IF(ISNUMBER(I76),IF(J76="","",J76/I76),"—"),"—") | L76: 1 | N76: =IFERROR(IF(ISNUMBER(L76),IF(M76="","",M76/L76),"—"),"—") | O76: 1 | Q76: =IFERROR(IF(ISNUMBER(O76),IF(P76="","",P76/O76),"—"),"—") | R76: 1 | T76: =IFERROR(IF(ISNUMBER(R76),IF(S76="","",S76/R76),"—"),"—") | U76: 1 | W76: =IFERROR(IF(ISNUMBER(U76),IF(V76="","",V76/U76),"—"),"—") | X76: 1 | Z76: =IFERROR(IF(ISNUMBER(X76),IF(Y76="","",Y76/X76),"—"),"—") | AA76: 1 | AC76: =IFERROR(IF(ISNUMBER(AA76),IF(AB76="","",AB76/AA76),"—"),"—") | AD76: 1 | AF76: =IFERROR(IF(ISNUMBER(AD76),IF(AE76="","",AE76/AD76),"—"),"—") | AG76: 1 | AI76: =IFERROR(IF(ISNUMBER(AG76),IF(AH76="","",AH76/AG76),"—"),"—") | AJ76: 1 | AL76: =IFERROR(IF(ISNUMBER(AJ76),IF(AK76="","",AK76/AJ76),"—"),"—")
A77: ∑ Усього лідів (сума каналів) | C77: 160 | D77: =IFERROR(SUM(D37,D41,D45,D49,D53,D57,D61,D65,D69,D73),"") -> 128 | E77: =IFERROR(IF(C77=0,"—",IF(D77="","",D77/C77)),"—") -> 0.8 | F77: 175 | G77: =IFERROR(SUM(G37,G41,G45,G49,G53,G57,G61,G65,G69,G73),"") -> 0 | H77: =IFERROR(IF(F77=0,"—",IF(G77="","",G77/F77)),"—") -> 0 | I77: 185 | J77: =IFERROR(SUM(J37,J41,J45,J49,J53,J57,J61,J65,J69,J73),"") -> 0 | K77: =IFERROR(IF(I77=0,"—",IF(J77="","",J77/I77)),"—") -> 0 | L77: 185 | M77: =IFERROR(SUM(M37,M41,M45,M49,M53,M57,M61,M65,M69,M73),"") -> 0 | N77: =IFERROR(IF(L77=0,"—",IF(M77="","",M77/L77)),"—") -> 0 | O77: 195 | P77: =IFERROR(SUM(P37,P41,P45,P49,P53,P57,P61,P65,P69,P73),"") -> 0 | Q77: =IFERROR(IF(O77=0,"—",IF(P77="","",P77/O77)),"—") -> 0 | R77: 210 | S77: =IFERROR(SUM(S37,S41,S45,S49,S53,S57,S61,S65,S69,S73),"") -> 0 | T77: =IFERROR(IF(R77=0,"—",IF(S77="","",S77/R77)),"—") -> 0 | U77: 210 | V77: =IFERROR(SUM(V37,V41,V45,V49,V53,V57,V61,V65,V69,V73),"") -> 0 | W77: =IFERROR(IF(U77=0,"—",IF(V77="","",V77/U77)),"—") -> 0 | X77: 220 | Y77: =IFERROR(SUM(Y37,Y41,Y45,Y49,Y53,Y57,Y61,Y65,Y69,Y73),"") -> 0 | Z77: =IFERROR(IF(X77=0,"—",IF(Y77="","",Y77/X77)),"—") -> 0 | AA77: 235 | AB77: =IFERROR(SUM(AB37,AB41,AB45,AB49,AB53,AB57,AB61,AB65,AB69,AB73),"") -> 0 | AC77: =IFERROR(IF(AA77=0,"—",IF(AB77="","",AB77/AA77)),"—") -> 0 | AD77: 230 | AE77: =IFERROR(SUM(AE37,AE41,AE45,AE49,AE53,AE57,AE61,AE65,AE69,AE73),"") -> 0 | AF77: =IFERROR(IF(AD77=0,"—",IF(AE77="","",AE77/AD77)),"—") -> 0 | AG77: 240 | AH77: =IFERROR(SUM(AH37,AH41,AH45,AH49,AH53,AH57,AH61,AH65,AH69,AH73),"") -> 0 | AI77: =IFERROR(IF(AG77=0,"—",IF(AH77="","",AH77/AG77)),"—") -> 0 | AJ77: 250 | AK77: =IFERROR(SUM(AK37,AK41,AK45,AK49,AK53,AK57,AK61,AK65,AK69,AK73),"") -> 0 | AL77: =IFERROR(IF(AJ77=0,"—",IF(AK77="","",AK77/AJ77)),"—") -> 0
A78: 📊 MQL загалом | C78: 80 | D78: 99 | E78: =IFERROR(IF(C78=0,"—",IF(D78="","",D78/C78)),"—") -> 1.2375 | F78: 90 | H78: =IFERROR(IF(F78=0,"—",IF(G78="","",G78/F78)),"—") | I78: 100 | K78: =IFERROR(IF(I78=0,"—",IF(J78="","",J78/I78)),"—") | L78: 100 | N78: =IFERROR(IF(L78=0,"—",IF(M78="","",M78/L78)),"—") | O78: 110 | Q78: =IFERROR(IF(O78=0,"—",IF(P78="","",P78/O78)),"—") | R78: 120 | T78: =IFERROR(IF(R78=0,"—",IF(S78="","",S78/R78)),"—") | U78: 120 | W78: =IFERROR(IF(U78=0,"—",IF(V78="","",V78/U78)),"—") | X78: 130 | Z78: =IFERROR(IF(X78=0,"—",IF(Y78="","",Y78/X78)),"—") | AA78: 140 | AC78: =IFERROR(IF(AA78=0,"—",IF(AB78="","",AB78/AA78)),"—") | AD78: 140 | AF78: =IFERROR(IF(AD78=0,"—",IF(AE78="","",AE78/AD78)),"—") | AG78: 150 | AI78: =IFERROR(IF(AG78=0,"—",IF(AH78="","",AH78/AG78)),"—") | AJ78: 160 | AL78: =IFERROR(IF(AJ78=0,"—",IF(AK78="","",AK78/AJ78)),"—")
A79: 📊 SQL загалом | C79: 16 | D79: 24 | E79: =IFERROR(IF(C79=0,"—",IF(D79="","",D79/C79)),"—") -> 1.5 | F79: 18 | H79: =IFERROR(IF(F79=0,"—",IF(G79="","",G79/F79)),"—") | I79: 20 | K79: =IFERROR(IF(I79=0,"—",IF(J79="","",J79/I79)),"—") | L79: 22 | N79: =IFERROR(IF(L79=0,"—",IF(M79="","",M79/L79)),"—") | O79: 24 | Q79: =IFERROR(IF(O79=0,"—",IF(P79="","",P79/O79)),"—") | R79: 26 | T79: =IFERROR(IF(R79=0,"—",IF(S79="","",S79/R79)),"—") | U79: 26 | W79: =IFERROR(IF(U79=0,"—",IF(V79="","",V79/U79)),"—") | X79: 28 | Z79: =IFERROR(IF(X79=0,"—",IF(Y79="","",Y79/X79)),"—") | AA79: 30 | AC79: =IFERROR(IF(AA79=0,"—",IF(AB79="","",AB79/AA79)),"—") | AD79: 32 | AF79: =IFERROR(IF(AD79=0,"—",IF(AE79="","",AE79/AD79)),"—") | AG79: 34 | AI79: =IFERROR(IF(AG79=0,"—",IF(AH79="","",AH79/AG79)),"—") | AJ79: 36 | AL79: =IFERROR(IF(AJ79=0,"—",IF(AK79="","",AK79/AJ79)),"—")
A80: 🏁 Усього клієнтів (сума каналів) | C80: 4 | D80: 5 | E80: =IFERROR(IF(C80=0,"—",IF(D80="","",D80/C80)),"—") -> 1.25 | F80: 6 | G80: =IFERROR(SUM(G40,G44,G48,G52,G56,G60,G64,G68,G72,G76),"") -> 0 | H80: =IFERROR(IF(F80=0,"—",IF(G80="","",G80/F80)),"—") -> 0 | I80: 7 | J80: =IFERROR(SUM(J40,J44,J48,J52,J56,J60,J64,J68,J72,J76),"") -> 0 | K80: =IFERROR(IF(I80=0,"—",IF(J80="","",J80/I80)),"—") -> 0 | L80: 8 | M80: =IFERROR(SUM(M40,M44,M48,M52,M56,M60,M64,M68,M72,M76),"") -> 0 | N80: =IFERROR(IF(L80=0,"—",IF(M80="","",M80/L80)),"—") -> 0 | O80: 9 | P80: =IFERROR(SUM(P40,P44,P48,P52,P56,P60,P64,P68,P72,P76),"") -> 0 | Q80: =IFERROR(IF(O80=0,"—",IF(P80="","",P80/O80)),"—") -> 0 | R80: 10 | S80: =IFERROR(SUM(S40,S44,S48,S52,S56,S60,S64,S68,S72,S76),"") -> 0 | T80: =IFERROR(IF(R80=0,"—",IF(S80="","",S80/R80)),"—") -> 0 | U80: 10 | V80: =IFERROR(SUM(V40,V44,V48,V52,V56,V60,V64,V68,V72,V76),"") -> 0 | W80: =IFERROR(IF(U80=0,"—",IF(V80="","",V80/U80)),"—") -> 0 | X80: 10 | Y80: =IFERROR(SUM(Y40,Y44,Y48,Y52,Y56,Y60,Y64,Y68,Y72,Y76),"") -> 0 | Z80: =IFERROR(IF(X80=0,"—",IF(Y80="","",Y80/X80)),"—") -> 0 | AA80: 11 | AB80: =IFERROR(SUM(AB40,AB44,AB48,AB52,AB56,AB60,AB64,AB68,AB72,AB76),"") -> 0 | AC80: =IFERROR(IF(AA80=0,"—",IF(AB80="","",AB80/AA80)),"—") -> 0 | AD80: 12 | AE80: =IFERROR(SUM(AE40,AE44,AE48,AE52,AE56,AE60,AE64,AE68,AE72,AE76),"") -> 0 | AF80: =IFERROR(IF(AD80=0,"—",IF(AE80="","",AE80/AD80)),"—") -> 0 | AG80: 13 | AH80: =IFERROR(SUM(AH40,AH44,AH48,AH52,AH56,AH60,AH64,AH68,AH72,AH76),"") -> 0 | AI80: =IFERROR(IF(AG80=0,"—",IF(AH80="","",AH80/AG80)),"—") -> 0 | AJ80: 14 | AK80: =IFERROR(SUM(AK40,AK44,AK48,AK52,AK56,AK60,AK64,AK68,AK72,AK76),"") -> 0 | AL80: =IFERROR(IF(AJ80=0,"—",IF(AK80="","",AK80/AJ80)),"—") -> 0

Sheet 📋 Інструкція
A1: 📊 AIR Music KPI Tracker · Інструкція з використання
A3: ЯК ЗАПОВНЮВАТИ ТАБЛИЦЮ
A4: 1. Йди на лист '📊 Monthly Tracker'
A5: 2. На початку кожного місяця заповнюй колонку 📈 Факт (блакитні клітинки) по кожному KPI
A6: 3. Колонка 🎯 План заповнена заздалегідь — на основі стратегії SEA 2026/2027
A7: 4. Колонка % вик. розраховується автоматично. Нічого руками міняти не потрібно.
A8: 5. Значення плану можна коригувати якщо стратегія змінилась — це нормально
A10: КОЛЬОРОВЕ КОДУВАННЯ (умовне форматування — додати вручну при бажанні)
A11: 🟢 % виконання ≥ 90% — ціль досягнута, все добре
A12: 🟡 % виконання 70–89% — є відставання, потрібна увага
A13: 🔴 % виконання < 70% — критичне відставання, потрібен action plan
A15: ПЛАН ЗА ФАЗАМИ (зі стратегії)
... A29: 💡 Джерело плану: AIR_SEA_Marketing_Strategy_2026_v8.pptx · AIR_Music_Roadmap.xlsx

Sheet 📈 Річний підсумок
A1: AIR Music · SEA · Річний підсумок KPI 2026/2027
A2: KPI Метрика | B2: Ціль на рік | C2: Ф1 факт (M1-M3) | D2: Ф2 факт (M4-M6) | E2: Ф3 факт (M7-M9) | F2: Ф4 факт (M10-M12) | G2: Рік ФАКТ | H2: Рік ПЛАН | I2: % вик.
A3: Заявки (Leads), шт. | B3: 1,600–2,000 | C3: =IFERROR(SUM('📊 Monthly Tracker'!D7,'📊 Monthly Tracker'!G7,'📊 Monthly Tracker'!J7),"") -> 5 | D3: =IFERROR(SUM('📊 Monthly Tracker'!M7,'📊 Monthly Tracker'!P7,'📊 Monthly Tracker'!S7),"") -> 0 | E3: =IFERROR(SUM('📊 Monthly Tracker'!V7,'📊 Monthly Tracker'!Y7,'📊 Monthly Tracker'!AB7),"") -> 0 | F3: =IFERROR(SUM('📊 Monthly Tracker'!AE7,'📊 Monthly Tracker'!AH7,'📊 Monthly Tracker'!AK7),"") -> 0 | G3: =IFERROR(SUM('📊 Monthly Tracker'!D7,'📊 Monthly Tracker'!G7,'📊 Monthly Tracker'!J7,'📊 Monthly Tracker'!M7,'📊 Monthly Tracker'!P7,'📊 Monthly Tracker'!S7,'📊 Monthly Tracker'!V7,'📊 Monthly Tracker'!Y7,'📊 Monthly Tracker'!AB7,'📊 Monthly Tracker'!AE7,'📊 Monthly Tracker'!AH7,'📊 Monthly Tracker'!AK7),"") -> 5 | H3: ='📊 Monthly Tracker'!AJ7 -> 14 | I3: =IFERROR(IF(H3=0,"—",IF(G3="","",G3/H3)),"—") -> 0.35714286
A4: MQL (кваліф. ліди), шт. | B4: 1,200–1,450 | C4: =IFERROR(SUM('📊 Monthly Tracker'!D8,'📊 Monthly Tracker'!G8,'📊 Monthly Tracker'!J8),"") -> 5 | D4: =IFERROR(SUM('📊 Monthly Tracker'!M8,'📊 Monthly Tracker'!P8,'📊 Monthly Tracker'!S8),"") -> 0 | E4: =IFERROR(SUM('📊 Monthly Tracker'!V8,'📊 Monthly Tracker'!Y8,'📊 Monthly Tracker'!AB8),"") -> 0 | F4: =IFERROR(SUM('📊 Monthly Tracker'!AE8,'📊 Monthly Tracker'!AH8,'📊 Monthly Tracker'!AK8),"") -> 0 | G4: =IFERROR(SUM('📊 Monthly Tracker'!D8,'📊 Monthly Tracker'!G8,'📊 Monthly Tracker'!J8,'📊 Monthly Tracker'!M8,'📊 Monthly Tracker'!P8,'📊 Monthly Tracker'!S8,'📊 Monthly Tracker'!V8,'📊 Monthly Tracker'!Y8,'📊 Monthly Tracker'!AB8,'📊 Monthly Tracker'!AE8,'📊 Monthly Tracker'!AH8,'📊 Monthly Tracker'!AK8),"") -> 5 | H4: ='📊 Monthly Tracker'!AJ8 -> 111 | I4: =IFERROR(IF(H4=0,"—",IF(G4="","",G4/H4)),"—") -> 0.045045045
A5: SQL (дзвінки / Demo), шт. | B5: 280–360 | C5: =IFERROR(SUM('📊 Monthly Tracker'!D9,'📊 Monthly Tracker'!G9,'📊 Monthly Tracker'!J9),"") -> 0.773 | D5: =IFERROR(SUM('📊 Monthly Tracker'!M9,'📊 Monthly Tracker'!P9,'📊 Monthly Tracker'!S9),"") -> 0 | E5: =IFERROR(SUM('📊 Monthly Tracker'!V9,'📊 Monthly Tracker'!Y9,'📊 Monthly Tracker'!AB9),"") -> 0 | F5: =IFERROR(SUM('📊 Monthly Tracker'!AE9,'📊 Monthly Tracker'!AH9,'📊 Monthly Tracker'!AK9),"") -> 0 | G5: =IFERROR(SUM('📊 Monthly Tracker'!D9,'📊 Monthly Tracker'!G9,'📊 Monthly Tracker'!J9,'📊 Monthly Tracker'!M9,'📊 Monthly Tracker'!P9,'📊 Monthly Tracker'!S9,'📊 Monthly Tracker'!V9,'📊 Monthly Tracker'!Y9,'📊 Monthly Tracker'!AB9,'📊 Monthly Tracker'!AE9,'📊 Monthly Tracker'!AH9,'📊 Monthly Tracker'!AK9),"") -> 0.773 | H5: ='📊 Monthly Tracker'!AJ9 -> 0.65 | I5: =IFERROR(IF(H5=0,"—",IF(G5="","",G5/H5)),"—") -> 1.1892308
A6: Нових платних клієнтів, шт. | B6: 115–130 | C6: =IFERROR(SUM('📊 Monthly Tracker'!D10,'📊 Monthly Tracker'!G10,'📊 Monthly Tracker'!J10),"") -> 0.242 | D6: =IFERROR(SUM('📊 Monthly Tracker'!M10,'📊 Monthly Tracker'!P10,'📊 Monthly Tracker'!S10),"") -> 0 | E6: =IFERROR(SUM('📊 Monthly Tracker'!V10,'📊 Monthly Tracker'!Y10,'📊 Monthly Tracker'!AB10),"") -> 0 | F6: =IFERROR(SUM('📊 Monthly Tracker'!AE10,'📊 Monthly Tracker'!AH10,'📊 Monthly Tracker'!AK10),"") -> 0 | G6: =IFERROR(SUM('📊 Monthly Tracker'!D10,'📊 Monthly Tracker'!G10,'📊 Monthly Tracker'!J10,'📊 Monthly Tracker'!M10,'📊 Monthly Tracker'!P10,'📊 Monthly Tracker'!S10,'📊 Monthly Tracker'!V10,'📊 Monthly Tracker'!Y10,'📊 Monthly Tracker'!AB10,'📊 Monthly Tracker'!AE10,'📊 Monthly Tracker'!AH10,'📊 Monthly Tracker'!AK10),"") -> 0.242 | H6: ='📊 Monthly Tracker'!AJ10 -> 0.23 | I6: =IFERROR(IF(H6=0,"—",IF(G6="","",G6/H6)),"—") -> 1.0521739
A7: Накопич. клієнтів наприкінці | B7: 115–130+ | C7: =IFERROR('📊 Monthly Tracker'!J11,"") | D7: =IFERROR('📊 Monthly Tracker'!S11,"") | E7: =IFERROR('📊 Monthly Tracker'!AB11,"") | F7: =IFERROR('📊 Monthly Tracker'!AK11,"") | G7: =IFERROR('📊 Monthly Tracker'!AK11,"") | H7: ='📊 Monthly Tracker'!AJ11 -> 0.4 | I7: =IFERROR(IF(H7=0,"—",IF(G7="","",G7/H7)),"—")
A8: CAC зведений (сер.), USD | B8: ≤$260 | C8: =IFERROR(AVERAGE('📊 Monthly Tracker'!D15,'📊 Monthly Tracker'!G15,'📊 Monthly Tracker'!J15),"") | D8: =IFERROR(AVERAGE('📊 Monthly Tracker'!M15,'📊 Monthly Tracker'!P15,'📊 Monthly Tracker'!S15),"") | E8: =IFERROR(AVERAGE('📊 Monthly Tracker'!V15,'📊 Monthly Tracker'!Y15,'📊 Monthly Tracker'!AB15),"") | F8: =IFERROR(AVERAGE('📊 Monthly Tracker'!AE15,'📊 Monthly Tracker'!AH15,'📊 Monthly Tracker'!AK15),"") | G8: =IFERROR(AVERAGE('📊 Monthly Tracker'!D15,'📊 Monthly Tracker'!G15,'📊 Monthly Tracker'!J15,'📊 Monthly Tracker'!M15,'📊 Monthly Tracker'!P15,'📊 Monthly Tracker'!S15,'📊 Monthly Tracker'!V15,'📊 Monthly Tracker'!Y15,'📊 Monthly Tracker'!AB15,'📊 Monthly Tracker'!AE15,'📊 Monthly Tracker'!AH15,'📊 Monthly Tracker'!AK15),"") | H8: ='📊 Monthly Tracker'!AJ15 -> 4.5 | I8: =IFERROR(IF(H8=0,"—",IF(G8="","",G8/H8)),"—")
A9: CPL середній, USD | B9: ≤$35 | C9: =IFERROR(AVERAGE('📊 Monthly Tracker'!D16,'📊 Monthly Tracker'!G16,'📊 Monthly Tracker'!J16),"") -> 0.0874 | D9: =IFERROR(AVERAGE('📊 Monthly Tracker'!M16,'📊 Monthly Tracker'!P16,'📊 Monthly Tracker'!S16),"") | E9: =IFERROR(AVERAGE('📊 Monthly Tracker'!V16,'📊 Monthly Tracker'!Y16,'📊 Monthly Tracker'!AB16),"") | F9: =IFERROR(AVERAGE('📊 Monthly Tracker'!AE16,'📊 Monthly Tracker'!AH16,'📊 Monthly Tracker'!AK16),"") | G9: =IFERROR(AVERAGE('📊 Monthly Tracker'!D16,'📊 Monthly Tracker'!G16,'📊 Monthly Tracker'!J16,'📊 Monthly Tracker'!M16,'📊 Monthly Tracker'!P16,'📊 Monthly Tracker'!S16,'📊 Monthly Tracker'!V16,'📊 Monthly Tracker'!Y16,'📊 Monthly Tracker'!AB16,'📊 Monthly Tracker'!AE16,'📊 Monthly Tracker'!AH16,'📊 Monthly Tracker'!AK16),"") -> 0.0874 | H9: ='📊 Monthly Tracker'!AJ16 -> 0.03 | I9: =IFERROR(IF(H9=0,"—",IF(G9="","",G9/H9)),"—") -> 2.9133333
A10: Витрати на рекламу РАЗОМ, USD | B10: $18,000 | C10: =IFERROR(SUM('📊 Monthly Tracker'!D17,'📊 Monthly Tracker'!G17,'📊 Monthly Tracker'!J17),"") -> 3 | D10: =IFERROR(SUM('📊 Monthly Tracker'!M17,'📊 Monthly Tracker'!P17,'📊 Monthly Tracker'!S17),"") -> 0 | E10: =IFERROR(SUM('📊 Monthly Tracker'!V17,'📊 Monthly Tracker'!Y17,'📊 Monthly Tracker'!AB17),"") -> 0 | F10: =IFERROR(SUM('📊 Monthly Tracker'!AE17,'📊 Monthly Tracker'!AH17,'📊 Monthly Tracker'!AK17),"") -> 0 | G10: =IFERROR(SUM('📊 Monthly Tracker'!D17,'📊 Monthly Tracker'!G17,'📊 Monthly Tracker'!J17,'📊 Monthly Tracker'!M17,'📊 Monthly Tracker'!P17,'📊 Monthly Tracker'!S17,'📊 Monthly Tracker'!V17,'📊 Monthly Tracker'!Y17,'📊 Monthly Tracker'!AB17,'📊 Monthly Tracker'!AE17,'📊 Monthly Tracker'!AH17,'📊 Monthly Tracker'!AK17),"") -> 3 | H10: ='📊 Monthly Tracker'!AJ17 -> 420 | I10: =IFERROR(IF(H10=0,"—",IF(G10="","",G10/H10)),"—") -> 0.0071428571
A11: CTR платної реклами (сер.), % | B11: 1.5–3% | C11: =IFERROR(AVERAGE('📊 Monthly Tracker'!D19,'📊 Monthly Tracker'!G19,'📊 Monthly Tracker'!J19),"") -> 0 | D11: =IFERROR(AVERAGE('📊 Monthly Tracker'!M19,'📊 Monthly Tracker'!P19,'📊 Monthly Tracker'!S19),"") | E11: =IFERROR(AVERAGE('📊 Monthly Tracker'!V19,'📊 Monthly Tracker'!Y19,'📊 Monthly Tracker'!AB19),"") | F11: =IFERROR(AVERAGE('📊 Monthly Tracker'!AE19,'📊 Monthly Tracker'!AH19,'📊 Monthly Tracker'!AK19),"") | G11: =IFERROR(AVERAGE('📊 Monthly Tracker'!D19,'📊 Monthly Tracker'!G19,'📊 Monthly Tracker'!J19,'📊 Monthly Tracker'!M19,'📊 Monthly Tracker'!P19,'📊 Monthly Tracker'!S19,'📊 Monthly Tracker'!V19,'📊 Monthly Tracker'!Y19,'📊 Monthly Tracker'!AB19,'📊 Monthly Tracker'!AE19,'📊 Monthly Tracker'!AH19,'📊 Monthly Tracker'!AK19),"") -> 0 | H11: ='📊 Monthly Tracker'!AJ19 -> 200 | I11: =IFERROR(IF(H11=0,"—",IF(G11="","",G11/H11)),"—") -> 0
A12: ER соцмереж (сер.), % | B12: 3–6% | C12: =IFERROR(AVERAGE('📊 Monthly Tracker'!D26,'📊 Monthly Tracker'!G26,'📊 Monthly Tracker'!J26),"") | D12: =IFERROR(AVERAGE('📊 Monthly Tracker'!M26,'📊 Monthly Tracker'!P26,'📊 Monthly Tracker'!S26),"") | E12: =IFERROR(AVERAGE('📊 Monthly Tracker'!V26,'📊 Monthly Tracker'!Y26,'📊 Monthly Tracker'!AB26),"") | F12: =IFERROR(AVERAGE('📊 Monthly Tracker'!AE26,'📊 Monthly Tracker'!AH26,'📊 Monthly Tracker'!AK26),"") | G12: =IFERROR(AVERAGE('📊 Monthly Tracker'!D26,'📊 Monthly Tracker'!G26,'📊 Monthly Tracker'!J26,'📊 Monthly Tracker'!M26,'📊 Monthly Tracker'!P26,'📊 Monthly Tracker'!S26,'📊 Monthly Tracker'!V26,'📊 Monthly Tracker'!Y26,'📊 Monthly Tracker'!AB26,'📊 Monthly Tracker'!AE26,'📊 Monthly Tracker'!AH26,'📊 Monthly Tracker'!AK26),"") | H12: ='📊 Monthly Tracker'!AJ26 -> 10 | I12: =IFERROR(IF(H12=0,"—",IF(G12="","",G12/H12)),"—")
A13: Підписники наприкінці | B13: 7,000+ | C13: =IFERROR('📊 Monthly Tracker'!J27,"") | D13: =IFERROR('📊 Monthly Tracker'!S27,"") | E13: =IFERROR('📊 Monthly Tracker'!AB27,"") | F13: =IFERROR('📊 Monthly Tracker'!AK27,"") | G13: =IFERROR('📊 Monthly Tracker'!AK27,"") | H13: ='📊 Monthly Tracker'!AJ27 -> 8 | I13: =IFERROR(IF(H13=0,"—",IF(G13="","",G13/H13)),"—")
A14: Статей у блозі (накопич.) | B14: 38+ | C14: =IFERROR('📊 Monthly Tracker'!J28,"") | D14: =IFERROR('📊 Monthly Tracker'!S28,"") | E14: =IFERROR('📊 Monthly Tracker'!AB28,"") | F14: =IFERROR('📊 Monthly Tracker'!AK28,"") | G14: =IFERROR('📊 Monthly Tracker'!AK28,"") | H14: ='📊 Monthly Tracker'!AJ28 -> 0.4 | I14: =IFERROR(IF(H14=0,"—",IF(G14="","",G14/H14)),"—")
A15: Кейс-стаді (накопич.) | B15: 8–10 | C15: =IFERROR('📊 Monthly Tracker'!J29,"") | D15: =IFERROR('📊 Monthly Tracker'!S29,"") | E15: =IFERROR('📊 Monthly Tracker'!AB29,"") | F15: =IFERROR('📊 Monthly Tracker'!AK29,"") | G15: =IFERROR('📊 Monthly Tracker'!AK29,"") | H15: ='📊 Monthly Tracker'!AJ29 -> 0.1 | I15: =IFERROR(IF(H15=0,"—",IF(G15="","",G15/H15)),"—")
A16: Email Open Rate (сер.), % | B16: ≥35% | C16: =IFERROR(AVERAGE('📊 Monthly Tracker'!D31,'📊 Monthly Tracker'!G31,'📊 Monthly Tracker'!J31),"") | D16: =IFERROR(AVERAGE('📊 Monthly Tracker'!M31,'📊 Monthly Tracker'!P31,'📊 Monthly Tracker'!S31),"") | E16: =IFERROR(AVERAGE('📊 Monthly Tracker'!V31,'📊 Monthly Tracker'!Y31,'📊 Monthly Tracker'!AB31),"") | F16: =IFERROR(AVERAGE('📊 Monthly Tracker'!AE31,'📊 Monthly Tracker'!AH31,'📊 Monthly Tracker'!AK31),"") | G16: =IFERROR(AVERAGE('📊 Monthly Tracker'!D31,'📊 Monthly Tracker'!G31,'📊 Monthly Tracker'!J31,'📊 Monthly Tracker'!M31,'📊 Monthly Tracker'!P31,'📊 Monthly Tracker'!S31,'📊 Monthly Tracker'!V31,'📊 Monthly Tracker'!Y31,'📊 Monthly Tracker'!AB31,'📊 Monthly Tracker'!AE31,'📊 Monthly Tracker'!AH31,'📊 Monthly Tracker'!AK31),"") | H16: ='📊 Monthly Tracker'!AJ31 -> 30 | I16: =IFERROR(IF(H16=0,"—",IF(G16="","",G16/H16)),"—")
A17: Відгуки / Рекомендації | B17: 20–30 | C17: =IFERROR('📊 Monthly Tracker'!J34,"") | D17: =IFERROR('📊 Monthly Tracker'!S34,"") | E17: =IFERROR('📊 Monthly Tracker'!AB34,"") | F17: =IFERROR('📊 Monthly Tracker'!AK34,"") | G17: =IFERROR('📊 Monthly Tracker'!AK34,"") | H17: ='📊 Monthly Tracker'!AJ34 | I17: =IFERROR(IF(H17=0,"—",IF(G17="","",G17/H17)),"—") -> —
A18: Партнерства | B18: 5–10 | C18: =IFERROR('📊 Monthly Tracker'!J35,"") | D18: =IFERROR('📊 Monthly Tracker'!S35,"") | E18: =IFERROR('📊 Monthly Tracker'!AB35,"") | F18: =IFERROR('📊 Monthly Tracker'!AK35,"") | G18: =IFERROR('📊 Monthly Tracker'!AK35,"") | H18: ='📊 Monthly Tracker'!AJ35 | I18: =IFERROR(IF(H18=0,"—",IF(G18="","",G18/H18)),"—") -> —
